strategy_id,symbol,trade_side,sample_type,open_time_utc,close_time_utc,net_sum,session_regime_at_entry,volatility_regime_at_entry,liquidity_regime_at_entry,trend_regime_at_entry,composite_regime_at_entry
AUDUSD_4_3.27.109_SELL_M15,AUDUSD,SELL,IS,2021-07-05 01:15:00+00:00,2021-07-05 23:45:00+00:00,-5.3,ASIA,UNKNOWN,UNKNOWN,UNKNOWN,ASIA|UNKNOWN|UNKNOWN
AUDUSD_4_3.27.109_SELL_M15,AUDUSD,SELL,IS,2021-07-06 01:30:00+00:00,2021-07-06 17:18:40+00:00,16.4,ASIA,UNKNOWN,UNKNOWN,UNKNOWN,ASIA|UNKNOWN|UNKNOWN
AUDUSD_4_3.27.109_SELL_M15,AUDUSD,SELL,IS,2021-07-07 15:15:00+00:00,2021-07-07 17:04:40+00:00,28.8,NEW_YORK,UNKNOWN,UNKNOWN,UNKNOWN,NEW_YORK|UNKNOWN|UNKNOWN
AUDUSD_4_3.27.109_SELL_M15,AUDUSD,SELL,IS,2021-07-09 12:45:00+00:00,2021-07-09 23:45:00+00:00,-42.0,LONDON,UNKNOWN,UNKNOWN,UNKNOWN,LONDON|UNKNOWN|UNKNOWN
AUDUSD_4_3.27.109_SELL_M15,AUDUSD,SELL,IS,2021-07-14 05:30:00+00:00,2021-07-14 11:54:40+00:00,23.3,ASIA,UNKNOWN,UNKNOWN,UNKNOWN,ASIA|UNKNOWN|UNKNOWN
AUDUSD_4_3.27.109_SELL_M15,AUDUSD,SELL,IS,2021-07-21 03:30:00+00:00,2021-07-21 04:49:00+00:00,17.9,ASIA,UNKNOWN,UNKNOWN,UNKNOWN,ASIA|UNKNOWN|UNKNOWN
AUDUSD_4_3.27.109_SELL_M15,AUDUSD,SELL,IS,2021-07-22 10:15:00+00:00,2021-07-22 23:45:00+00:00,-9.4,LONDON,UNKNOWN,UNKNOWN,UNKNOWN,LONDON|UNKNOWN|UNKNOWN
AUDUSD_4_3.27.109_SELL_M15,AUDUSD,SELL,IS,2021-07-26 16:45:00+00:00,2021-07-26 23:45:00+00:00,-4.9,NEW_YORK,UNKNOWN,UNKNOWN,UNKNOWN,NEW_YORK|UNKNOWN|UNKNOWN
AUDUSD_4_3.27.109_SELL_M15,AUDUSD,SELL,IS,2021-07-28 21:45:00+00:00,2021-07-28 23:45:00+00:00,-13.0,NY_PM,UNKNOWN,UNKNOWN,UNKNOWN,NY_PM|UNKNOWN|UNKNOWN
AUDUSD_4_3.27.109_SELL_M15,AUDUSD,SELL,IS,2021-07-29 02:30:00+00:00,2021-07-29 23:45:00+00:00,-15.4,ASIA,UNKNOWN,UNKNOWN,UNKNOWN,ASIA|UNKNOWN|UNKNOWN
AUDUSD_4_3.27.109_SELL_M15,AUDUSD,SELL,IS,2021-08-10 10:30:00+00:00,2021-08-10 23:45:00+00:00,-9.3,LONDON,UNKNOWN,UNKNOWN,UNKNOWN,LONDON|UNKNOWN|UNKNOWN
AUDUSD_4_3.27.109_SELL_M15,AUDUSD,SELL,IS,2021-08-13 20:45:00+00:00,2021-08-13 23:45:00+00:00,3.0,NY_PM,UNKNOWN,UNKNOWN,UNKNOWN,NY_PM|UNKNOWN|UNKNOWN
AUDUSD_4_3.27.109_SELL_M15,AUDUSD,SELL,IS,2021-08-20 17:00:00+00:00,2021-08-20 23:45:00+00:00,5.8,NY_PM,UNKNOWN,UNKNOWN,UNKNOWN,NY_PM|UNKNOWN|UNKNOWN
AUDUSD_4_3.27.109_SELL_M15,AUDUSD,SELL,IS,2021-08-23 05:15:00+00:00,2021-08-23 23:45:00+00:00,-60.8,ASIA,UNKNOWN,UNKNOWN,UNKNOWN,ASIA|UNKNOWN|UNKNOWN
AUDUSD_4_3.27.109_SELL_M15,AUDUSD,SELL,IS,2021-08-24 06:15:00+00:00,2021-08-24 23:45:00+00:00,-36.3,ASIA,UNKNOWN,UNKNOWN,UNKNOWN,ASIA|UNKNOWN|UNKNOWN
AUDUSD_4_3.27.109_SELL_M15,AUDUSD,SELL,IS,2021-08-25 12:30:00+00:00,2021-08-25 23:45:30+00:00,-17.2,LONDON,UNKNOWN,UNKNOWN,UNKNOWN,LONDON|UNKNOWN|UNKNOWN
AUDUSD_4_3.27.109_SELL_M15,AUDUSD,SELL,IS,2021-08-27 09:30:00+00:00,2021-08-27 19:05:40+00:00,-66.0,LONDON,UNKNOWN,UNKNOWN,UNKNOWN,LONDON|UNKNOWN|UNKNOWN
AUDUSD_4_3.27.109_SELL_M15,AUDUSD,SELL,IS,2021-09-01 21:15:00+00:00,2021-09-01 23:45:00+00:00,3.7,NY_PM,UNKNOWN,UNKNOWN,UNKNOWN,NY_PM|UNKNOWN|UNKNOWN
AUDUSD_4_3.27.109_SELL_M15,AUDUSD,SELL,IS,2021-09-02 09:00:00+00:00,2021-09-02 23:45:00+00:00,-22.1,LONDON,UNKNOWN,UNKNOWN,UNKNOWN,LONDON|UNKNOWN|UNKNOWN
AUDUSD_4_3.27.109_SELL_M15,AUDUSD,SELL,IS,2021-09-03 08:45:00+00:00,2021-09-03 23:45:00+00:00,-31.6,LONDON,UNKNOWN,UNKNOWN,UNKNOWN,LONDON|UNKNOWN|UNKNOWN
AUDUSD_4_3.27.109_SELL_M15,AUDUSD,SELL,IS,2021-09-08 04:45:00+00:00,2021-09-08 08:15:00+00:00,18.2,ASIA,UNKNOWN,UNKNOWN,UNKNOWN,ASIA|UNKNOWN|UNKNOWN
AUDUSD_4_3.27.109_SELL_M15,AUDUSD,SELL,IS,2021-09-09 11:00:00+00:00,2021-09-09 23:45:00+00:00,1.4,LONDON,UNKNOWN,UNKNOWN,UNKNOWN,LONDON|UNKNOWN|UNKNOWN
AUDUSD_4_3.27.109_SELL_M15,AUDUSD,SELL,IS,2021-09-17 08:15:00+00:00,2021-09-17 17:24:40+00:00,19.0,LONDON,UNKNOWN,UNKNOWN,UNKNOWN,LONDON|UNKNOWN|UNKNOWN
AUDUSD_4_3.27.109_SELL_M15,AUDUSD,SELL,IS,2021-09-20 16:45:00+00:00,2021-09-20 23:45:00+00:00,6.9,NEW_YORK,UNKNOWN,UNKNOWN,UNKNOWN,NEW_YORK|UNKNOWN|UNKNOWN
AUDUSD_4_3.27.109_SELL_M15,AUDUSD,SELL,IS,2021-09-22 04:15:00+00:00,2021-09-22 23:45:00+00:00,14.9,ASIA,UNKNOWN,UNKNOWN,UNKNOWN,ASIA|UNKNOWN|UNKNOWN
AUDUSD_4_3.27.109_SELL_M15,AUDUSD,SELL,IS,2021-09-23 10:45:00+00:00,2021-09-23 23:45:00+00:00,-34.6,LONDON,UNKNOWN,UNKNOWN,UNKNOWN,LONDON|UNKNOWN|UNKNOWN
AUDUSD_4_3.27.109_SELL_M15,AUDUSD,SELL,IS,2021-09-30 05:30:00+00:00,2021-09-30 23:45:00+00:00,-33.9,ASIA,UNKNOWN,UNKNOWN,UNKNOWN,ASIA|UNKNOWN|UNKNOWN
AUDUSD_4_3.27.109_SELL_M15,AUDUSD,SELL,IS,2021-10-01 18:45:00+00:00,2021-10-01 23:45:00+00:00,5.3,NY_PM,UNKNOWN,UNKNOWN,UNKNOWN,NY_PM|UNKNOWN|UNKNOWN
AUDUSD_4_3.27.109_SELL_M15,AUDUSD,SELL,IS,2021-10-04 01:30:00+00:00,2021-10-04 04:54:40+00:00,27.3,ASIA,UNKNOWN,UNKNOWN,UNKNOWN,ASIA|UNKNOWN|UNKNOWN
AUDUSD_4_3.27.109_SELL_M15,AUDUSD,SELL,IS,2021-10-11 04:30:00+00:00,2021-10-11 23:45:00+00:00,-23.9,ASIA,UNKNOWN,UNKNOWN,UNKNOWN,ASIA|UNKNOWN|UNKNOWN
AUDUSD_4_3.27.109_SELL_M15,AUDUSD,SELL,IS,2021-10-12 08:15:00+00:00,2021-10-12 23:45:00+00:00,2.5,LONDON,UNKNOWN,UNKNOWN,UNKNOWN,LONDON|UNKNOWN|UNKNOWN
AUDUSD_4_3.27.109_SELL_M15,AUDUSD,SELL,IS,2021-10-14 16:30:00+00:00,2021-10-14 23:45:00+00:00,4.0,NEW_YORK,UNKNOWN,UNKNOWN,UNKNOWN,NEW_YORK|UNKNOWN|UNKNOWN
AUDUSD_4_3.27.109_SELL_M15,AUDUSD,SELL,IS,2021-10-15 10:00:00+00:00,2021-10-15 15:30:40+00:00,19.2,LONDON,UNKNOWN,UNKNOWN,UNKNOWN,LONDON|UNKNOWN|UNKNOWN
AUDUSD_4_3.27.109_SELL_M15,AUDUSD,SELL,IS,2021-10-19 11:15:00+00:00,2021-10-19 23:45:00+00:00,-11.0,LONDON,UNKNOWN,UNKNOWN,UNKNOWN,LONDON|UNKNOWN|UNKNOWN
AUDUSD_4_3.27.109_SELL_M15,AUDUSD,SELL,IS,2021-10-20 04:30:00+00:00,2021-10-20 23:45:00+00:00,-26.9,ASIA,UNKNOWN,UNKNOWN,UNKNOWN,ASIA|UNKNOWN|UNKNOWN
AUDUSD_4_3.27.109_SELL_M15,AUDUSD,SELL,IS,2021-10-21 04:00:00+00:00,2021-10-21 07:13:20+00:00,20.6,ASIA,UNKNOWN,UNKNOWN,UNKNOWN,ASIA|UNKNOWN|UNKNOWN
AUDUSD_4_3.27.109_SELL_M15,AUDUSD,SELL,IS,2021-10-22 04:45:00+00:00,2021-10-22 18:40:40+00:00,25.9,ASIA,UNKNOWN,UNKNOWN,UNKNOWN,ASIA|UNKNOWN|UNKNOWN
AUDUSD_4_3.27.109_SELL_M15,AUDUSD,SELL,IS,2021-11-03 10:30:00+00:00,2021-11-03 17:00:40+00:00,18.4,LONDON,UNKNOWN,UNKNOWN,UNKNOWN,LONDON|UNKNOWN|UNKNOWN
AUDUSD_4_3.27.109_SELL_M15,AUDUSD,SELL,IS,2021-11-04 01:15:00+00:00,2021-11-04 12:32:40+00:00,35.6,ASIA,UNKNOWN,UNKNOWN,UNKNOWN,ASIA|UNKNOWN|UNKNOWN
AUDUSD_4_3.27.109_SELL_M15,AUDUSD,SELL,IS,2021-11-05 16:30:00+00:00,2021-11-05 23:45:00+00:00,-5.9,NEW_YORK,UNKNOWN,UNKNOWN,UNKNOWN,NEW_YORK|UNKNOWN|UNKNOWN
AUDUSD_4_3.27.109_SELL_M15,AUDUSD,SELL,IS,2021-11-10 16:15:00+00:00,2021-11-10 19:24:40+00:00,31.1,NEW_YORK,UNKNOWN,UNKNOWN,UNKNOWN,NEW_YORK|UNKNOWN|UNKNOWN
AUDUSD_4_3.27.109_SELL_M15,AUDUSD,SELL,IS,2021-11-12 09:30:00+00:00,2021-11-12 23:45:00+00:00,-32.3,LONDON,UNKNOWN,UNKNOWN,UNKNOWN,LONDON|UNKNOWN|UNKNOWN
AUDUSD_4_3.27.109_SELL_M15,AUDUSD,SELL,IS,2021-11-15 01:30:00+00:00,2021-11-15 23:45:00+00:00,-16.2,ASIA,UNKNOWN,UNKNOWN,UNKNOWN,ASIA|UNKNOWN|UNKNOWN
AUDUSD_4_3.27.109_SELL_M15,AUDUSD,SELL,IS,2021-11-16 04:45:00+00:00,2021-11-16 07:48:40+00:00,21.4,ASIA,UNKNOWN,UNKNOWN,UNKNOWN,ASIA|UNKNOWN|UNKNOWN
AUDUSD_4_3.27.109_SELL_M15,AUDUSD,SELL,IS,2021-11-18 09:00:00+00:00,2021-11-18 16:03:40+00:00,20.4,LONDON,UNKNOWN,UNKNOWN,UNKNOWN,LONDON|UNKNOWN|UNKNOWN
AUDUSD_4_3.27.109_SELL_M15,AUDUSD,SELL,IS,2021-11-22 06:30:00+00:00,2021-11-22 20:08:40+00:00,22.3,ASIA,UNKNOWN,UNKNOWN,UNKNOWN,ASIA|UNKNOWN|UNKNOWN
AUDUSD_4_3.27.109_SELL_M15,AUDUSD,SELL,IS,2021-11-25 02:45:00+00:00,2021-11-25 11:06:40+00:00,18.5,ASIA,UNKNOWN,UNKNOWN,UNKNOWN,ASIA|UNKNOWN|UNKNOWN
AUDUSD_4_3.27.109_SELL_M15,AUDUSD,SELL,IS,2021-12-06 11:15:00+00:00,2021-12-06 23:45:00+00:00,-14.5,LONDON,UNKNOWN,UNKNOWN,UNKNOWN,LONDON|UNKNOWN|UNKNOWN
AUDUSD_4_3.27.109_SELL_M15,AUDUSD,SELL,IS,2021-12-07 05:45:00+00:00,2021-12-07 23:45:00+00:00,-55.5,ASIA,UNKNOWN,UNKNOWN,UNKNOWN,ASIA|UNKNOWN|UNKNOWN
AUDUSD_4_3.27.109_SELL_M15,AUDUSD,SELL,IS,2021-12-08 04:30:00+00:00,2021-12-08 23:45:00+00:00,-37.1,ASIA,UNKNOWN,UNKNOWN,UNKNOWN,ASIA|UNKNOWN|UNKNOWN
AUDUSD_4_3.27.109_SELL_M15,AUDUSD,SELL,IS,2021-12-09 08:30:00+00:00,2021-12-09 10:19:40+00:00,19.6,LONDON,UNKNOWN,UNKNOWN,UNKNOWN,LONDON|UNKNOWN|UNKNOWN
AUDUSD_4_3.27.109_SELL_M15,AUDUSD,SELL,IS,2021-12-14 10:30:00+00:00,2021-12-14 18:52:40+00:00,23.2,LONDON,UNKNOWN,UNKNOWN,UNKNOWN,LONDON|UNKNOWN|UNKNOWN
AUDUSD_4_3.27.109_SELL_M15,AUDUSD,SELL,IS,2021-12-15 16:00:00+00:00,2021-12-15 16:57:20+00:00,23.8,NEW_YORK,UNKNOWN,UNKNOWN,UNKNOWN,NEW_YORK|UNKNOWN|UNKNOWN
AUDUSD_4_3.27.109_SELL_M15,AUDUSD,SELL,IS,2021-12-20 16:15:00+00:00,2021-12-20 23:45:00+00:00,12.5,NEW_YORK,UNKNOWN,UNKNOWN,UNKNOWN,NEW_YORK|UNKNOWN|UNKNOWN
AUDUSD_4_3.27.109_SELL_M15,AUDUSD,SELL,IS,2021-12-23 09:45:00+00:00,2021-12-23 23:45:00+00:00,-18.6,LONDON,UNKNOWN,UNKNOWN,UNKNOWN,LONDON|UNKNOWN|UNKNOWN
AUDUSD_4_3.27.109_SELL_M15,AUDUSD,SELL,IS,2021-12-29 16:45:00+00:00,2021-12-29 23:45:00+00:00,-11.0,NEW_YORK,UNKNOWN,UNKNOWN,UNKNOWN,NEW_YORK|UNKNOWN|UNKNOWN
AUDUSD_4_3.27.109_SELL_M15,AUDUSD,SELL,IS,2021-12-30 04:00:00+00:00,2021-12-30 23:45:00+00:00,14.5,ASIA,UNKNOWN,UNKNOWN,UNKNOWN,ASIA|UNKNOWN|UNKNOWN
AUDUSD_4_3.27.109_SELL_M15,AUDUSD,SELL,IS,2021-12-31 11:15:00+00:00,2021-12-31 13:57:40+00:00,16.7,LONDON,UNKNOWN,UNKNOWN,UNKNOWN,LONDON|UNKNOWN|UNKNOWN
AUDUSD_4_3.27.109_SELL_M15,AUDUSD,SELL,IS,2022-01-04 06:30:00+00:00,2022-01-04 14:37:40+00:00,22.6,ASIA,UNKNOWN,UNKNOWN,UNKNOWN,ASIA|UNKNOWN|UNKNOWN
AUDUSD_4_3.27.109_SELL_M15,AUDUSD,SELL,IS,2022-01-07 19:00:00+00:00,2022-01-07 23:45:00+00:00,1.4,NY_PM,UNKNOWN,NORMAL,UNKNOWN,NY_PM|UNKNOWN|UNKNOWN
AUDUSD_4_3.27.109_SELL_M15,AUDUSD,SELL,IS,2022-01-10 04:15:00+00:00,2022-01-10 16:16:20+00:00,23.2,ASIA,UNKNOWN,NORMAL,UNKNOWN,ASIA|UNKNOWN|UNKNOWN
AUDUSD_4_3.27.109_SELL_M15,AUDUSD,SELL,IS,2022-01-13 09:45:00+00:00,2022-01-13 22:48:40+00:00,20.3,LONDON,UNKNOWN,NORMAL,UPTREND,LONDON|UNKNOWN|UPTREND
AUDUSD_4_3.27.109_SELL_M15,AUDUSD,SELL,IS,2022-01-14 08:30:00+00:00,2022-01-14 12:31:40+00:00,22.2,LONDON,UNKNOWN,UNKNOWN,UPTREND,LONDON|UNKNOWN|UPTREND
AUDUSD_4_3.27.109_SELL_M15,AUDUSD,SELL,IS,2022-01-20 03:00:00+00:00,2022-01-20 23:45:00+00:00,12.7,ASIA,HIGH_VOL,ACTIVE,RANGE,ASIA|HIGH_VOL|RANGE
AUDUSD_4_3.27.109_SELL_M15,AUDUSD,SELL,IS,2022-01-25 01:45:00+00:00,2022-01-25 23:45:00+00:00,-3.3,ASIA,MID_VOL,NORMAL,DOWNTREND,ASIA|MID_VOL|DOWNTREND
AUDUSD_4_3.27.109_SELL_M15,AUDUSD,SELL,IS,2022-01-31 04:45:00+00:00,2022-01-31 23:45:00+00:00,-56.7,ASIA,LOW_VOL,UNKNOWN,DOWNTREND,ASIA|LOW_VOL|DOWNTREND
AUDUSD_4_3.27.109_SELL_M15,AUDUSD,SELL,IS,2022-02-02 12:30:00+00:00,2022-02-02 17:17:40+00:00,25.8,LONDON,MID_VOL,NORMAL,RANGE,LONDON|MID_VOL|RANGE
AUDUSD_4_3.27.109_SELL_M15,AUDUSD,SELL,IS,2022-02-07 09:15:00+00:00,2022-02-07 23:45:00+00:00,-30.6,LONDON,HIGH_VOL,UNKNOWN,DOWNTREND,LONDON|HIGH_VOL|DOWNTREND
AUDUSD_4_3.27.109_SELL_M15,AUDUSD,SELL,IS,2022-02-08 03:00:00+00:00,2022-02-08 07:23:40+00:00,20.1,ASIA,MID_VOL,UNKNOWN,RANGE,ASIA|MID_VOL|RANGE
AUDUSD_4_3.27.109_SELL_M15,AUDUSD,SELL,IS,2022-02-09 01:45:00+00:00,2022-02-09 23:45:00+00:00,-35.0,ASIA,LOW_VOL,UNKNOWN,UPTREND,ASIA|LOW_VOL|UPTREND
AUDUSD_4_3.27.109_SELL_M15,AUDUSD,SELL,IS,2022-02-10 10:15:00+00:00,2022-02-10 15:30:40+00:00,19.6,LONDON,MID_VOL,UNKNOWN,UPTREND,LONDON|MID_VOL|UPTREND
AUDUSD_4_3.27.109_SELL_M15,AUDUSD,SELL,IS,2022-02-11 14:30:00+00:00,2022-02-11 21:06:20+00:00,34.1,NEW_YORK,HIGH_VOL,UNKNOWN,UPTREND,NEW_YORK|HIGH_VOL|UPTREND
AUDUSD_4_3.27.109_SELL_M15,AUDUSD,SELL,IS,2022-02-17 01:30:00+00:00,2022-02-17 05:54:40+00:00,26.8,ASIA,HIGH_VOL,NORMAL,UPTREND,ASIA|HIGH_VOL|UPTREND
AUDUSD_4_3.27.109_SELL_M15,AUDUSD,SELL,IS,2022-02-23 10:00:00+00:00,2022-02-23 23:45:00+00:00,14.4,LONDON,HIGH_VOL,UNKNOWN,UPTREND,LONDON|HIGH_VOL|UPTREND
AUDUSD_4_3.27.109_SELL_M15,AUDUSD,SELL,IS,2022-02-25 06:30:00+00:00,2022-02-25 23:45:00+00:00,-39.0,ASIA,HIGH_VOL,UNKNOWN,RANGE,ASIA|HIGH_VOL|RANGE
AUDUSD_4_3.27.109_SELL_M15,AUDUSD,SELL,IS,2022-03-01 09:00:00+00:00,2022-03-01 18:33:40+00:00,24.0,LONDON,MID_VOL,UNKNOWN,UPTREND,LONDON|MID_VOL|UPTREND
AUDUSD_4_3.27.109_SELL_M15,AUDUSD,SELL,IS,2022-03-07 06:15:00+00:00,2022-03-07 15:59:40+00:00,41.3,ASIA,LOW_VOL,UNKNOWN,UPTREND,ASIA|LOW_VOL|UPTREND
AUDUSD_4_3.27.109_SELL_M15,AUDUSD,SELL,IS,2022-03-08 03:45:00+00:00,2022-03-08 07:01:40+00:00,32.2,ASIA,MID_VOL,NORMAL,RANGE,ASIA|MID_VOL|RANGE
AUDUSD_4_3.27.109_SELL_M15,AUDUSD,SELL,IS,2022-03-09 10:15:00+00:00,2022-03-09 23:45:00+00:00,-22.4,LONDON,HIGH_VOL,NORMAL,RANGE,LONDON|HIGH_VOL|RANGE
AUDUSD_4_3.27.109_SELL_M15,AUDUSD,SELL,IS,2022-03-10 21:45:00+00:00,2022-03-10 23:45:00+00:00,0.8999999999999999,NY_PM,LOW_VOL,UNKNOWN,UPTREND,NY_PM|LOW_VOL|UPTREND
AUDUSD_4_3.27.109_SELL_M15,AUDUSD,SELL,IS,2022-03-15 14:45:00+00:00,2022-03-15 23:45:00+00:00,13.2,NEW_YORK,MID_VOL,NORMAL,DOWNTREND,NEW_YORK|MID_VOL|DOWNTREND
AUDUSD_4_3.27.109_SELL_M15,AUDUSD,SELL,IS,2022-03-16 16:00:00+00:00,2022-03-16 21:05:40+00:00,28.0,NEW_YORK,HIGH_VOL,UNKNOWN,RANGE,NEW_YORK|HIGH_VOL|RANGE
AUDUSD_4_3.27.109_SELL_M15,AUDUSD,SELL,IS,2022-03-17 01:45:00+00:00,2022-03-17 18:05:40+00:00,-66.0,ASIA,MID_VOL,UNKNOWN,RANGE,ASIA|MID_VOL|RANGE
AUDUSD_4_3.27.109_SELL_M15,AUDUSD,SELL,IS,2022-03-18 03:15:00+00:00,2022-03-18 16:13:40+00:00,25.3,ASIA,MID_VOL,NORMAL,UPTREND,ASIA|MID_VOL|UPTREND
AUDUSD_4_3.27.109_SELL_M15,AUDUSD,SELL,IS,2022-03-21 04:45:00+00:00,2022-03-21 10:24:40+00:00,29.1,ASIA,LOW_VOL,NORMAL,UPTREND,ASIA|LOW_VOL|UPTREND
AUDUSD_4_3.27.109_SELL_M15,AUDUSD,SELL,IS,2022-03-22 20:30:00+00:00,2022-03-22 23:45:00+00:00,-24.0,NY_PM,HIGH_VOL,NORMAL,UPTREND,NY_PM|HIGH_VOL|UPTREND
AUDUSD_4_3.27.109_SELL_M15,AUDUSD,SELL,IS,2022-03-23 01:15:00+00:00,2022-03-23 23:45:00+00:00,-35.1,ASIA,MID_VOL,NORMAL,UPTREND,ASIA|MID_VOL|UPTREND
AUDUSD_4_3.27.109_SELL_M15,AUDUSD,SELL,IS,2022-04-04 21:45:00+00:00,2022-04-04 23:45:00+00:00,-0.6,NY_PM,LOW_VOL,NORMAL,UPTREND,NY_PM|LOW_VOL|UPTREND
AUDUSD_4_3.27.109_SELL_M15,AUDUSD,SELL,IS,2022-04-05 07:45:00+00:00,2022-04-05 17:03:40+00:00,-66.0,LONDON,HIGH_VOL,ACTIVE,UPTREND,LONDON|HIGH_VOL|UPTREND
AUDUSD_4_3.27.109_SELL_M15,AUDUSD,SELL,IS,2022-04-11 13:15:00+00:00,2022-04-11 16:32:40+00:00,31.3,NEW_YORK,HIGH_VOL,NORMAL,DOWNTREND,NEW_YORK|HIGH_VOL|DOWNTREND
AUDUSD_4_3.27.109_SELL_M15,AUDUSD,SELL,IS,2022-04-26 06:15:00+00:00,2022-04-26 16:55:40+00:00,42.8,ASIA,HIGH_VOL,NORMAL,DOWNTREND,ASIA|HIGH_VOL|DOWNTREND
AUDUSD_4_3.27.109_SELL_M15,AUDUSD,SELL,IS,2022-04-27 08:00:00+00:00,2022-04-27 10:24:40+00:00,41.1,LONDON,HIGH_VOL,NORMAL,DOWNTREND,LONDON|HIGH_VOL|DOWNTREND
AUDUSD_4_3.27.109_SELL_M15,AUDUSD,SELL,IS,2022-04-28 10:30:00+00:00,2022-04-28 13:31:40+00:00,48.3,LONDON,HIGH_VOL,ACTIVE,DOWNTREND,LONDON|HIGH_VOL|DOWNTREND
AUDUSD_4_3.27.109_SELL_M15,AUDUSD,SELL,IS,2022-04-29 03:15:00+00:00,2022-04-29 19:30:40+00:00,33.7,ASIA,HIGH_VOL,UNKNOWN,DOWNTREND,ASIA|HIGH_VOL|DOWNTREND
AUDUSD_4_3.27.109_SELL_M15,AUDUSD,SELL,IS,2022-05-03 09:45:00+00:00,2022-05-03 23:45:00+00:00,29.8,LONDON,HIGH_VOL,NORMAL,RANGE,LONDON|HIGH_VOL|RANGE
AUDUSD_4_3.27.109_SELL_M15,AUDUSD,SELL,IS,2022-05-04 21:15:00+00:00,2022-05-04 21:49:20+00:00,-66.0,NY_PM,HIGH_VOL,ACTIVE,RANGE,NY_PM|HIGH_VOL|RANGE
AUDUSD_4_3.27.109_SELL_M15,AUDUSD,SELL,IS,2022-05-05 02:15:00+00:00,2022-05-05 15:40:40+00:00,55.0,ASIA,HIGH_VOL,NORMAL,RANGE,ASIA|HIGH_VOL|RANGE
AUDUSD_4_3.27.109_SELL_M15,AUDUSD,SELL,IS,2022-05-10 08:30:00+00:00,2022-05-10 18:04:40+00:00,49.3,LONDON,MID_VOL,NORMAL,DOWNTREND,LONDON|MID_VOL|DOWNTREND
AUDUSD_4_3.27.109_SELL_M15,AUDUSD,SELL,IS,2022-05-13 03:45:00+00:00,2022-05-13 23:45:00+00:00,-54.9,ASIA,MID_VOL,NORMAL,DOWNTREND,ASIA|MID_VOL|DOWNTREND
AUDUSD_4_3.27.109_SELL_M15,AUDUSD,SELL,IS,2022-05-17 03:30:00+00:00,2022-05-17 23:45:00+00:00,-34.6,ASIA,MID_VOL,NORMAL,RANGE,ASIA|MID_VOL|RANGE
AUDUSD_4_3.27.109_SELL_M15,AUDUSD,SELL,IS,2022-05-18 03:15:00+00:00,2022-05-18 04:44:40+00:00,30.3,ASIA,MID_VOL,NORMAL,RANGE,ASIA|MID_VOL|RANGE
AUDUSD_4_3.27.109_SELL_M15,AUDUSD,SELL,IS,2022-05-23 08:45:00+00:00,2022-05-23 23:45:00+00:00,-12.4,LONDON,HIGH_VOL,UNKNOWN,UPTREND,LONDON|HIGH_VOL|UPTREND
AUDUSD_4_3.27.109_SELL_M15,AUDUSD,SELL,IS,2022-05-27 08:00:00+00:00,2022-05-27 23:45:00+00:00,-17.5,LONDON,MID_VOL,NORMAL,UPTREND,LONDON|MID_VOL|UPTREND
AUDUSD_4_3.27.109_SELL_M15,AUDUSD,SELL,IS,2022-05-30 04:45:00+00:00,2022-05-30 23:45:00+00:00,-24.5,ASIA,HIGH_VOL,NORMAL,UPTREND,ASIA|HIGH_VOL|UPTREND
AUDUSD_4_3.27.109_SELL_M15,AUDUSD,SELL,IS,2022-06-02 20:45:00+00:00,2022-06-02 23:45:00+00:00,-4.6,NY_PM,MID_VOL,NORMAL,UPTREND,NY_PM|MID_VOL|UPTREND
AUDUSD_4_3.27.109_SELL_M15,AUDUSD,SELL,IS,2022-06-06 11:15:00+00:00,2022-06-06 18:19:40+00:00,31.9,LONDON,MID_VOL,NORMAL,UPTREND,LONDON|MID_VOL|UPTREND
AUDUSD_4_3.27.109_SELL_M15,AUDUSD,SELL,IS,2022-06-07 07:45:00+00:00,2022-06-07 08:05:40+00:00,41.2,LONDON,HIGH_VOL,ACTIVE,RANGE,LONDON|HIGH_VOL|RANGE
AUDUSD_4_3.27.109_SELL_M15,AUDUSD,SELL,IS,2022-06-10 08:45:00+00:00,2022-06-10 15:30:40+00:00,27.3,LONDON,HIGH_VOL,NORMAL,DOWNTREND,LONDON|HIGH_VOL|DOWNTREND
AUDUSD_4_3.27.109_SELL_M15,AUDUSD,SELL,IS,2022-06-14 07:15:00+00:00,2022-06-14 13:01:40+00:00,43.0,LONDON,HIGH_VOL,UNKNOWN,DOWNTREND,LONDON|HIGH_VOL|DOWNTREND
AUDUSD_4_3.27.109_SELL_M15,AUDUSD,SELL,IS,2022-06-15 03:30:00+00:00,2022-06-15 21:00:40+00:00,-66.0,ASIA,MID_VOL,UNKNOWN,DOWNTREND,ASIA|MID_VOL|DOWNTREND
AUDUSD_4_3.27.109_SELL_M15,AUDUSD,SELL,IS,2022-06-16 03:00:00+00:00,2022-06-16 10:16:40+00:00,52.1,ASIA,HIGH_VOL,UNKNOWN,RANGE,ASIA|HIGH_VOL|RANGE
AUDUSD_4_3.27.109_SELL_M15,AUDUSD,SELL,IS,2022-06-20 10:45:00+00:00,2022-06-20 23:45:00+00:00,29.5,LONDON,MID_VOL,NORMAL,RANGE,LONDON|MID_VOL|RANGE
AUDUSD_4_3.27.109_SELL_M15,AUDUSD,SELL,IS,2022-06-22 17:45:00+00:00,2022-06-22 23:45:00+00:00,15.5,NY_PM,HIGH_VOL,ACTIVE,DOWNTREND,NY_PM|HIGH_VOL|DOWNTREND
AUDUSD_4_3.27.109_SELL_M15,AUDUSD,SELL,IS,2022-06-23 16:30:00+00:00,2022-06-23 20:01:40+00:00,37.8,NEW_YORK,MID_VOL,ACTIVE,DOWNTREND,NEW_YORK|MID_VOL|DOWNTREND
AUDUSD_4_3.27.109_SELL_M15,AUDUSD,SELL,IS,2022-06-30 16:30:00+00:00,2022-06-30 17:50:20+00:00,39.7,NEW_YORK,HIGH_VOL,ACTIVE,RANGE,NEW_YORK|HIGH_VOL|RANGE
AUDUSD_4_3.27.109_SELL_M15,AUDUSD,SELL,IS,2022-07-01 21:45:00+00:00,2022-07-01 23:45:00+00:00,13.5,NY_PM,HIGH_VOL,NORMAL,DOWNTREND,NY_PM|HIGH_VOL|DOWNTREND
AUDUSD_4_3.27.109_SELL_M15,AUDUSD,SELL,IS,2022-07-04 09:30:00+00:00,2022-07-04 23:45:00+00:00,-32.4,LONDON,LOW_VOL,NORMAL,RANGE,LONDON|LOW_VOL|RANGE
AUDUSD_4_3.27.109_SELL_M15,AUDUSD,SELL,IS,2022-07-06 04:15:00+00:00,2022-07-06 08:38:40+00:00,31.3,ASIA,MID_VOL,UNKNOWN,DOWNTREND,ASIA|MID_VOL|DOWNTREND
AUDUSD_4_3.27.109_SELL_M15,AUDUSD,SELL,IS,2022-07-12 16:45:00+00:00,2022-07-12 23:45:00+00:00,-4.4,NEW_YORK,MID_VOL,ACTIVE,DOWNTREND,NEW_YORK|MID_VOL|DOWNTREND
AUDUSD_4_3.27.109_SELL_M15,AUDUSD,SELL,IS,2022-07-18 02:15:00+00:00,2022-07-18 23:45:00+00:00,-7.3,ASIA,MID_VOL,NORMAL,RANGE,ASIA|MID_VOL|RANGE
AUDUSD_4_3.27.109_SELL_M15,AUDUSD,SELL,IS,2022-07-19 16:15:00+00:00,2022-07-19 23:45:00+00:00,-3.0,NEW_YORK,MID_VOL,ACTIVE,UPTREND,NEW_YORK|MID_VOL|UPTREND
AUDUSD_4_3.27.109_SELL_M15,AUDUSD,SELL,IS,2022-07-20 06:30:00+00:00,2022-07-20 16:58:40+00:00,27.7,ASIA,LOW_VOL,NORMAL,UPTREND,ASIA|LOW_VOL|UPTREND
AUDUSD_4_3.27.109_SELL_M15,AUDUSD,SELL,IS,2022-07-28 09:30:00+00:00,2022-07-28 13:57:40+00:00,34.0,LONDON,HIGH_VOL,ACTIVE,UPTREND,LONDON|HIGH_VOL|UPTREND
AUDUSD_4_3.27.109_SELL_M15,AUDUSD,SELL,IS,2022-07-29 06:15:00+00:00,2022-07-29 14:50:40+00:00,26.6,ASIA,HIGH_VOL,NORMAL,UPTREND,ASIA|HIGH_VOL|UPTREND
AUDUSD_4_3.27.109_SELL_M15,AUDUSD,SELL,IS,2022-08-08 05:00:00+00:00,2022-08-08 15:54:40+00:00,-66.0,ASIA,MID_VOL,UNKNOWN,DOWNTREND,ASIA|MID_VOL|DOWNTREND
AUDUSD_4_3.27.109_SELL_M15,AUDUSD,SELL,IS,2022-08-11 10:00:00+00:00,2022-08-11 23:45:00+00:00,-13.6,LONDON,LOW_VOL,ACTIVE,UPTREND,LONDON|LOW_VOL|UPTREND
AUDUSD_4_3.27.109_SELL_M15,AUDUSD,SELL,IS,2022-08-12 07:00:00+00:00,2022-08-12 13:46:40+00:00,25.6,LONDON,LOW_VOL,NORMAL,UPTREND,LONDON|LOW_VOL|UPTREND
AUDUSD_4_3.27.109_SELL_M15,AUDUSD,SELL,IS,2022-08-16 21:30:00+00:00,2022-08-16 23:45:00+00:00,3.8,NY_PM,HIGH_VOL,NORMAL,RANGE,NY_PM|HIGH_VOL|RANGE
AUDUSD_4_3.27.109_SELL_M15,AUDUSD,SELL,IS,2022-08-18 13:00:00+00:00,2022-08-18 19:59:40+00:00,40.9,NEW_YORK,HIGH_VOL,NORMAL,DOWNTREND,NEW_YORK|HIGH_VOL|DOWNTREND
AUDUSD_4_3.27.109_SELL_M15,AUDUSD,SELL,IS,2022-08-22 05:30:00+00:00,2022-08-22 18:29:40+00:00,29.5,ASIA,HIGH_VOL,NORMAL,DOWNTREND,ASIA|HIGH_VOL|DOWNTREND
AUDUSD_4_3.27.109_SELL_M15,AUDUSD,SELL,IS,2022-08-26 16:00:00+00:00,2022-08-26 17:02:40+00:00,33.0,NEW_YORK,HIGH_VOL,ACTIVE,RANGE,NEW_YORK|HIGH_VOL|RANGE
AUDUSD_4_3.27.109_SELL_M15,AUDUSD,SELL,IS,2022-08-29 15:30:00+00:00,2022-08-29 23:45:00+00:00,-7.4,NEW_YORK,HIGH_VOL,ACTIVE,DOWNTREND,NEW_YORK|HIGH_VOL|DOWNTREND
AUDUSD_4_3.27.109_SELL_M15,AUDUSD,SELL,IS,2022-08-30 10:45:00+00:00,2022-08-30 17:05:40+00:00,38.9,LONDON,HIGH_VOL,ACTIVE,RANGE,LONDON|HIGH_VOL|RANGE
AUDUSD_4_3.27.109_SELL_M15,AUDUSD,SELL,IS,2022-09-02 12:45:00+00:00,2022-09-02 23:45:00+00:00,-0.3,LONDON,MID_VOL,NORMAL,DOWNTREND,LONDON|MID_VOL|DOWNTREND
AUDUSD_4_3.27.109_SELL_M15,AUDUSD,SELL,IS,2022-09-07 20:15:00+00:00,2022-09-08 00:06:00+00:00,-24.18,NY_PM,HIGH_VOL,NORMAL,DOWNTREND,NY_PM|HIGH_VOL|DOWNTREND
AUDUSD_4_3.27.109_SELL_M15,AUDUSD,SELL,IS,2022-09-08 00:15:00+00:00,2022-09-08 06:05:40+00:00,38.7,ASIA,MID_VOL,THIN,DOWNTREND,ASIA|MID_VOL|DOWNTREND
AUDUSD_4_3.27.109_SELL_M15,AUDUSD,SELL,IS,2022-09-09 13:00:00+00:00,2022-09-09 23:45:00+00:00,19.4,NEW_YORK,MID_VOL,NORMAL,RANGE,NEW_YORK|MID_VOL|RANGE
AUDUSD_4_3.27.109_SELL_M15,AUDUSD,SELL,IS,2022-09-12 09:45:00+00:00,2022-09-12 23:45:00+00:00,-29.8,LONDON,HIGH_VOL,NORMAL,RANGE,LONDON|HIGH_VOL|RANGE
AUDUSD_4_3.27.109_SELL_M15,AUDUSD,SELL,IS,2022-09-22 11:15:00+00:00,2022-09-22 23:45:00+00:00,-12.1,LONDON,HIGH_VOL,ACTIVE,DOWNTREND,LONDON|HIGH_VOL|DOWNTREND
AUDUSD_4_3.27.109_SELL_M15,AUDUSD,SELL,IS,2022-09-27 04:00:00+00:00,2022-09-27 18:22:40+00:00,40.7,ASIA,MID_VOL,NORMAL,DOWNTREND,ASIA|MID_VOL|DOWNTREND
AUDUSD_4_3.27.109_SELL_M15,AUDUSD,SELL,IS,2022-09-28 16:30:00+00:00,2022-09-28 18:53:40+00:00,-66.0,NEW_YORK,HIGH_VOL,ACTIVE,RANGE,NEW_YORK|HIGH_VOL|RANGE
AUDUSD_4_3.27.109_SELL_M15,AUDUSD,SELL,IS,2022-09-29 00:30:00+00:00,2022-09-29 05:30:40+00:00,45.7,ASIA,LOW_VOL,THIN,RANGE,ASIA|LOW_VOL|RANGE
AUDUSD_4_3.27.109_SELL_M15,AUDUSD,SELL,IS,2022-10-03 19:15:00+00:00,2022-10-03 23:45:00+00:00,-14.5,NY_PM,LOW_VOL,NORMAL,RANGE,NY_PM|LOW_VOL|RANGE
AUDUSD_4_3.27.109_SELL_M15,AUDUSD,SELL,IS,2022-10-04 09:45:00+00:00,2022-10-04 13:57:40+00:00,61.4,LONDON,HIGH_VOL,ACTIVE,RANGE,LONDON|HIGH_VOL|RANGE
AUDUSD_4_3.27.109_SELL_M15,AUDUSD,SELL,IS,2022-10-11 15:30:00+00:00,2022-10-11 23:45:00+00:00,24.8,NEW_YORK,HIGH_VOL,ACTIVE,DOWNTREND,NEW_YORK|HIGH_VOL|DOWNTREND
AUDUSD_4_3.27.109_SELL_M15,AUDUSD,SELL,IS,2022-10-18 07:15:00+00:00,2022-10-18 18:21:40+00:00,37.9,LONDON,HIGH_VOL,NORMAL,RANGE,LONDON|HIGH_VOL|RANGE
AUDUSD_4_3.27.109_SELL_M15,AUDUSD,SELL,IS,2022-10-25 21:00:00+00:00,2022-10-25 23:45:00+00:00,-5.6,NY_PM,LOW_VOL,NORMAL,UPTREND,NY_PM|LOW_VOL|UPTREND
AUDUSD_4_3.27.109_SELL_M15,AUDUSD,SELL,IS,2022-10-26 06:30:00+00:00,2022-10-26 10:44:40+00:00,-66.0,ASIA,MID_VOL,NORMAL,UPTREND,ASIA|MID_VOL|UPTREND
AUDUSD_4_3.27.109_SELL_M15,AUDUSD,SELL,IS,2022-10-27 08:00:00+00:00,2022-10-27 10:47:40+00:00,36.9,LONDON,MID_VOL,NORMAL,UPTREND,LONDON|MID_VOL|UPTREND
AUDUSD_4_3.27.109_SELL_M15,AUDUSD,SELL,IS,2022-11-01 02:30:00+00:00,2022-11-01 19:34:40+00:00,29.4,ASIA,LOW_VOL,NORMAL,RANGE,ASIA|LOW_VOL|RANGE
AUDUSD_4_3.27.109_SELL_M15,AUDUSD,SELL,IS,2022-11-04 11:15:00+00:00,2022-11-04 15:57:40+00:00,-66.0,LONDON,HIGH_VOL,NORMAL,DOWNTREND,LONDON|HIGH_VOL|DOWNTREND
AUDUSD_4_3.27.109_SELL_M15,AUDUSD,SELL,IS,2022-11-07 11:15:00+00:00,2022-11-07 23:45:00+00:00,-10.9,LONDON,MID_VOL,NORMAL,UPTREND,LONDON|MID_VOL|UPTREND
AUDUSD_4_3.27.109_SELL_M15,AUDUSD,SELL,IS,2022-11-08 02:45:00+00:00,2022-11-08 07:09:20+00:00,31.3,ASIA,MID_VOL,NORMAL,UPTREND,ASIA|MID_VOL|UPTREND
AUDUSD_4_3.27.109_SELL_M15,AUDUSD,SELL,IS,2022-11-10 15:45:00+00:00,2022-11-10 22:37:40+00:00,-66.0,NEW_YORK,HIGH_VOL,ACTIVE,RANGE,NEW_YORK|HIGH_VOL|RANGE
AUDUSD_4_3.27.109_SELL_M15,AUDUSD,SELL,IS,2022-11-11 07:15:00+00:00,2022-11-11 16:06:40+00:00,-66.0,LONDON,HIGH_VOL,NORMAL,UPTREND,LONDON|HIGH_VOL|UPTREND
AUDUSD_4_3.27.109_SELL_M15,AUDUSD,SELL,IS,2022-11-15 12:00:00+00:00,2022-11-15 16:48:40+00:00,48.5,LONDON,LOW_VOL,ACTIVE,UPTREND,LONDON|LOW_VOL|UPTREND
AUDUSD_4_3.27.109_SELL_M15,AUDUSD,SELL,IS,2022-11-18 03:15:00+00:00,2022-11-18 17:05:40+00:00,35.5,ASIA,LOW_VOL,NORMAL,RANGE,ASIA|LOW_VOL|RANGE
AUDUSD_4_3.27.109_SELL_M15,AUDUSD,SELL,IS,2022-11-22 03:15:00+00:00,2022-11-22 23:45:00+00:00,-25.4,ASIA,LOW_VOL,NORMAL,RANGE,ASIA|LOW_VOL|RANGE
AUDUSD_4_3.27.109_SELL_M15,AUDUSD,SELL,IS,2022-11-23 16:15:00+00:00,2022-11-23 21:03:40+00:00,-66.0,NEW_YORK,HIGH_VOL,ACTIVE,UPTREND,NEW_YORK|HIGH_VOL|UPTREND
AUDUSD_4_3.27.109_SELL_M15,AUDUSD,SELL,IS,2022-11-24 01:15:00+00:00,2022-11-24 23:45:00+00:00,-29.3,ASIA,MID_VOL,NORMAL,UPTREND,ASIA|MID_VOL|UPTREND
AUDUSD_4_3.27.109_SELL_M15,AUDUSD,SELL,IS,2022-11-25 06:15:00+00:00,2022-11-25 10:00:40+00:00,23.8,ASIA,LOW_VOL,NORMAL,UPTREND,ASIA|LOW_VOL|UPTREND
AUDUSD_4_3.27.109_SELL_M15,AUDUSD,SELL,IS,2022-11-29 05:30:00+00:00,2022-11-29 23:45:00+00:00,9.3,ASIA,HIGH_VOL,NORMAL,RANGE,ASIA|HIGH_VOL|RANGE
AUDUSD_4_3.27.109_SELL_M15,AUDUSD,SELL,IS,2022-12-01 06:45:00+00:00,2022-12-01 23:45:00+00:00,-3.3,ASIA,MID_VOL,NORMAL,UPTREND,ASIA|MID_VOL|UPTREND
AUDUSD_4_3.27.109_SELL_M15,AUDUSD,SELL,IS,2022-12-09 03:15:00+00:00,2022-12-09 10:35:20+00:00,30.8,ASIA,HIGH_VOL,NORMAL,UPTREND,ASIA|HIGH_VOL|UPTREND
AUDUSD_4_3.27.109_SELL_M15,AUDUSD,SELL,IS,2022-12-13 04:45:00+00:00,2022-12-13 05:19:40+00:00,27.6,ASIA,MID_VOL,NORMAL,UPTREND,ASIA|MID_VOL|UPTREND
AUDUSD_4_3.27.109_SELL_M15,AUDUSD,SELL,IS,2022-12-14 10:30:00+00:00,2022-12-14 21:02:40+00:00,31.5,LONDON,HIGH_VOL,ACTIVE,UPTREND,LONDON|HIGH_VOL|UPTREND
AUDUSD_4_3.27.109_SELL_M15,AUDUSD,SELL,IS,2022-12-16 04:30:00+00:00,2022-12-16 09:58:20+00:00,33.8,ASIA,HIGH_VOL,NORMAL,RANGE,ASIA|HIGH_VOL|RANGE
AUDUSD_4_3.27.109_SELL_M15,AUDUSD,SELL,IS,2022-12-19 04:00:00+00:00,2022-12-19 23:45:00+00:00,17.4,ASIA,MID_VOL,NORMAL,DOWNTREND,ASIA|MID_VOL|DOWNTREND
AUDUSD_4_3.27.109_SELL_M15,AUDUSD,SELL,IS,2022-12-22 03:00:00+00:00,2022-12-22 16:00:40+00:00,27.3,ASIA,MID_VOL,NORMAL,RANGE,ASIA|MID_VOL|RANGE
AUDUSD_4_3.27.109_SELL_M15,AUDUSD,SELL,IS,2022-12-23 04:45:00+00:00,2022-12-23 23:45:00+00:00,-22.7,ASIA,HIGH_VOL,NORMAL,RANGE,ASIA|HIGH_VOL|RANGE
AUDUSD_4_3.27.109_SELL_M15,AUDUSD,SELL,IS,2022-12-27 08:00:00+00:00,2022-12-27 16:13:40+00:00,28.7,LONDON,HIGH_VOL,NORMAL,RANGE,LONDON|HIGH_VOL|RANGE
AUDUSD_4_3.27.109_SELL_M15,AUDUSD,SELL,IS,2022-12-28 16:45:00+00:00,2022-12-28 17:53:40+00:00,32.5,NEW_YORK,MID_VOL,ACTIVE,UPTREND,NEW_YORK|MID_VOL|UPTREND
AUDUSD_4_3.27.109_SELL_M15,AUDUSD,SELL,IS,2022-12-30 13:30:00+00:00,2022-12-30 17:06:20+00:00,28.7,NEW_YORK,MID_VOL,NORMAL,UPTREND,NEW_YORK|MID_VOL|UPTREND
AUDUSD_4_3.27.109_SELL_M15,AUDUSD,SELL,IS,2023-01-04 16:15:00+00:00,2023-01-04 21:00:20+00:00,49.8,NEW_YORK,HIGH_VOL,ACTIVE,UPTREND,NEW_YORK|HIGH_VOL|UPTREND
AUDUSD_4_3.27.109_SELL_M15,AUDUSD,SELL,IS,2023-01-06 05:15:00+00:00,2023-01-06 09:40:40+00:00,36.9,ASIA,HIGH_VOL,NORMAL,RANGE,ASIA|HIGH_VOL|RANGE
AUDUSD_4_3.27.109_SELL_M15,AUDUSD,SELL,IS,2023-01-09 00:45:00+00:00,2023-01-09 09:06:40+00:00,-66.0,ASIA,LOW_VOL,THIN,UPTREND,ASIA|LOW_VOL|UPTREND
AUDUSD_4_3.27.109_SELL_M15,AUDUSD,SELL,IS,2023-01-12 20:00:00+00:00,2023-01-12 23:45:00+00:00,6.7,NY_PM,HIGH_VOL,ACTIVE,UPTREND,NY_PM|HIGH_VOL|UPTREND
AUDUSD_4_3.27.109_SELL_M15,AUDUSD,SELL,IS,2023-01-13 10:45:00+00:00,2023-01-13 13:50:40+00:00,41.3,LONDON,HIGH_VOL,ACTIVE,UPTREND,LONDON|HIGH_VOL|UPTREND
AUDUSD_4_3.27.109_SELL_M15,AUDUSD,SELL,IS,2023-01-16 03:45:00+00:00,2023-01-16 10:08:40+00:00,32.8,ASIA,HIGH_VOL,NORMAL,UPTREND,ASIA|HIGH_VOL|UPTREND
AUDUSD_4_3.27.109_SELL_M15,AUDUSD,SELL,IS,2023-01-17 02:00:00+00:00,2023-01-17 12:05:40+00:00,19.8,ASIA,LOW_VOL,NORMAL,UPTREND,ASIA|LOW_VOL|UPTREND
AUDUSD_4_3.27.109_SELL_M15,AUDUSD,SELL,IS,2023-01-18 16:00:00+00:00,2023-01-18 18:23:40+00:00,51.4,NEW_YORK,HIGH_VOL,ACTIVE,RANGE,NEW_YORK|HIGH_VOL|RANGE
AUDUSD_4_3.27.109_SELL_M15,AUDUSD,SELL,IS,2023-01-23 03:00:00+00:00,2023-01-23 23:45:00+00:00,-41.4,ASIA,LOW_VOL,NORMAL,RANGE,ASIA|LOW_VOL|RANGE
AUDUSD_4_3.27.109_SELL_M15,AUDUSD,SELL,IS,2023-01-24 03:45:00+00:00,2023-01-24 12:17:40+00:00,28.1,ASIA,MID_VOL,NORMAL,UPTREND,ASIA|MID_VOL|UPTREND
AUDUSD_4_3.27.109_SELL_M15,AUDUSD,SELL,IS,2023-01-25 07:30:00+00:00,2023-01-25 15:40:40+00:00,37.3,LONDON,MID_VOL,NORMAL,UPTREND,LONDON|MID_VOL|UPTREND
AUDUSD_4_3.27.109_SELL_M15,AUDUSD,SELL,IS,2023-01-31 17:45:00+00:00,2023-01-31 23:45:00+00:00,-8.4,NY_PM,HIGH_VOL,ACTIVE,RANGE,NY_PM|HIGH_VOL|RANGE
AUDUSD_4_3.27.109_SELL_M15,AUDUSD,SELL,IS,2023-02-01 15:45:00+00:00,2023-02-01 19:20:20+00:00,27.1,NEW_YORK,HIGH_VOL,ACTIVE,RANGE,NEW_YORK|HIGH_VOL|RANGE
AUDUSD_4_3.27.109_SELL_M15,AUDUSD,SELL,IS,2023-02-07 04:00:00+00:00,2023-02-07 19:46:40+00:00,-66.0,ASIA,HIGH_VOL,NORMAL,DOWNTREND,ASIA|HIGH_VOL|DOWNTREND
AUDUSD_4_3.27.109_SELL_M15,AUDUSD,SELL,IS,2023-02-08 09:45:00+00:00,2023-02-08 16:49:40+00:00,32.8,LONDON,HIGH_VOL,NORMAL,RANGE,LONDON|HIGH_VOL|RANGE
AUDUSD_4_3.27.109_SELL_M15,AUDUSD,SELL,IS,2023-02-09 13:00:00+00:00,2023-02-09 19:38:40+00:00,31.700000000000003,NEW_YORK,LOW_VOL,NORMAL,RANGE,NEW_YORK|LOW_VOL|RANGE
AUDUSD_4_3.27.109_SELL_M15,AUDUSD,SELL,IS,2023-02-13 20:30:00+00:00,2023-02-13 23:45:00+00:00,0.0999999999999999,NY_PM,MID_VOL,NORMAL,RANGE,NY_PM|MID_VOL|RANGE
AUDUSD_4_3.27.109_SELL_M15,AUDUSD,SELL,IS,2023-02-14 14:30:00+00:00,2023-02-14 15:30:40+00:00,29.3,NEW_YORK,HIGH_VOL,NORMAL,RANGE,NEW_YORK|HIGH_VOL|RANGE
AUDUSD_4_3.27.109_SELL_M15,AUDUSD,SELL,IS,2023-02-16 10:30:00+00:00,2023-02-16 15:30:40+00:00,35.8,LONDON,HIGH_VOL,NORMAL,DOWNTREND,LONDON|HIGH_VOL|DOWNTREND
AUDUSD_4_3.27.109_SELL_M15,AUDUSD,SELL,IS,2023-02-17 17:15:00+00:00,2023-02-17 23:45:00+00:00,-25.2,NY_PM,HIGH_VOL,ACTIVE,DOWNTREND,NY_PM|HIGH_VOL|DOWNTREND
AUDUSD_4_3.27.109_SELL_M15,AUDUSD,SELL,IS,2023-02-20 04:30:00+00:00,2023-02-20 23:45:00+00:00,-21.1,ASIA,MID_VOL,NORMAL,RANGE,ASIA|MID_VOL|RANGE
AUDUSD_4_3.27.109_SELL_M15,AUDUSD,SELL,IS,2023-02-23 03:45:00+00:00,2023-02-23 18:09:40+00:00,29.2,ASIA,MID_VOL,NORMAL,DOWNTREND,ASIA|MID_VOL|DOWNTREND
AUDUSD_4_3.27.109_SELL_M15,AUDUSD,SELL,IS,2023-02-27 17:30:00+00:00,2023-02-27 23:45:00+00:00,0.8,NY_PM,HIGH_VOL,ACTIVE,DOWNTREND,NY_PM|HIGH_VOL|DOWNTREND
AUDUSD_4_3.27.109_SELL_M15,AUDUSD,SELL,IS,2023-02-28 03:15:00+00:00,2023-02-28 07:10:40+00:00,22.5,ASIA,LOW_VOL,NORMAL,DOWNTREND,ASIA|LOW_VOL|DOWNTREND
AUDUSD_4_3.27.109_SELL_M15,AUDUSD,SELL,IS,2023-03-03 03:00:00+00:00,2023-03-03 23:45:00+00:00,-24.6,ASIA,MID_VOL,NORMAL,RANGE,ASIA|MID_VOL|RANGE
AUDUSD_4_3.27.109_SELL_M15,AUDUSD,SELL,IS,2023-03-08 17:30:00+00:00,2023-03-08 23:45:00+00:00,29.6,NY_PM,HIGH_VOL,ACTIVE,DOWNTREND,NY_PM|HIGH_VOL|DOWNTREND
AUDUSD_4_3.27.109_SELL_M15,AUDUSD,SELL,IS,2023-03-09 07:00:00+00:00,2023-03-09 22:06:40+00:00,23.6,LONDON,MID_VOL,NORMAL,DOWNTREND,LONDON|MID_VOL|DOWNTREND
AUDUSD_4_3.27.109_SELL_M15,AUDUSD,SELL,IS,2023-03-13 09:15:00+00:00,2023-03-13 12:38:40+00:00,45.8,LONDON,MID_VOL,NORMAL,RANGE,LONDON|MID_VOL|RANGE
AUDUSD_4_3.27.109_SELL_M15,AUDUSD,SELL,IS,2023-03-20 03:45:00+00:00,2023-03-20 04:41:40+00:00,33.4,ASIA,HIGH_VOL,NORMAL,UPTREND,ASIA|HIGH_VOL|UPTREND
AUDUSD_4_3.27.109_SELL_M15,AUDUSD,SELL,IS,2023-03-22 03:00:00+00:00,2023-03-22 21:41:40+00:00,-66.0,ASIA,HIGH_VOL,NORMAL,RANGE,ASIA|HIGH_VOL|RANGE
AUDUSD_4_3.27.109_SELL_M15,AUDUSD,SELL,IS,2023-03-23 05:30:00+00:00,2023-03-23 21:43:40+00:00,38.5,ASIA,HIGH_VOL,NORMAL,RANGE,ASIA|HIGH_VOL|RANGE
AUDUSD_4_3.27.109_SELL_M15,AUDUSD,SELL,IS,2023-03-28 18:00:00+00:00,2023-03-28 23:45:00+00:00,-10.2,NY_PM,MID_VOL,ACTIVE,RANGE,NY_PM|MID_VOL|RANGE
AUDUSD_4_3.27.109_SELL_M15,AUDUSD,SELL,IS,2023-04-03 10:30:00+00:00,2023-04-03 14:48:40+00:00,-66.0,LONDON,HIGH_VOL,ACTIVE,UPTREND,LONDON|HIGH_VOL|UPTREND
AUDUSD_4_3.27.109_SELL_M15,AUDUSD,SELL,IS,2023-04-04 02:45:00+00:00,2023-04-04 07:30:20+00:00,22.1,ASIA,LOW_VOL,NORMAL,UPTREND,ASIA|LOW_VOL|UPTREND
AUDUSD_4_3.27.109_SELL_M15,AUDUSD,SELL,IS,2023-04-07 07:15:30+00:00,2023-04-07 15:30:40+00:00,13.3,LONDON,LOW_VOL,NORMAL,DOWNTREND,LONDON|LOW_VOL|DOWNTREND
AUDUSD_4_3.27.109_SELL_M15,AUDUSD,SELL,IS,2023-04-10 12:45:00+00:00,2023-04-10 14:33:20+00:00,20.4,LONDON,HIGH_VOL,NORMAL,DOWNTREND,LONDON|HIGH_VOL|DOWNTREND
AUDUSD_4_3.27.109_SELL_M15,AUDUSD,SELL,IS,2023-04-11 03:15:00+00:00,2023-04-11 23:45:00+00:00,-0.9,ASIA,MID_VOL,NORMAL,DOWNTREND,ASIA|MID_VOL|DOWNTREND
AUDUSD_4_3.27.109_SELL_M15,AUDUSD,SELL,IS,2023-04-13 04:45:00+00:00,2023-04-13 18:42:40+00:00,-66.0,ASIA,HIGH_VOL,ACTIVE,RANGE,ASIA|HIGH_VOL|RANGE
AUDUSD_4_3.27.109_SELL_M15,AUDUSD,SELL,IS,2023-04-14 03:30:00+00:00,2023-04-14 10:04:40+00:00,18.8,ASIA,HIGH_VOL,NORMAL,UPTREND,ASIA|HIGH_VOL|UPTREND
AUDUSD_4_3.27.109_SELL_M15,AUDUSD,SELL,IS,2023-04-18 04:45:00+00:00,2023-04-18 23:45:00+00:00,-17.6,ASIA,HIGH_VOL,NORMAL,RANGE,ASIA|HIGH_VOL|RANGE
AUDUSD_4_3.27.109_SELL_M15,AUDUSD,SELL,IS,2023-04-19 17:15:00+00:00,2023-04-19 23:45:00+00:00,16.4,NY_PM,HIGH_VOL,ACTIVE,UPTREND,NY_PM|HIGH_VOL|UPTREND
AUDUSD_4_3.27.109_SELL_M15,AUDUSD,SELL,IS,2023-04-20 09:15:00+00:00,2023-04-20 12:11:40+00:00,21.8,LONDON,HIGH_VOL,NORMAL,RANGE,LONDON|HIGH_VOL|RANGE
AUDUSD_4_3.27.109_SELL_M15,AUDUSD,SELL,IS,2023-05-05 18:15:00+00:00,2023-05-05 23:45:00+00:00,-6.3,NY_PM,LOW_VOL,NORMAL,UPTREND,NY_PM|LOW_VOL|UPTREND
AUDUSD_4_3.27.109_SELL_M15,AUDUSD,SELL,IS,2023-05-08 11:45:00+00:00,2023-05-08 23:45:00+00:00,3.5,LONDON,MID_VOL,NORMAL,UPTREND,LONDON|MID_VOL|UPTREND
AUDUSD_4_3.27.109_SELL_M15,AUDUSD,SELL,IS,2023-05-10 03:15:00+00:00,2023-05-10 11:04:40+00:00,13.5,ASIA,MID_VOL,NORMAL,UPTREND,ASIA|MID_VOL|UPTREND
AUDUSD_4_3.27.109_SELL_M15,AUDUSD,SELL,IS,2023-05-11 03:15:00+00:00,2023-05-11 09:21:40+00:00,20.9,ASIA,MID_VOL,NORMAL,UPTREND,ASIA|MID_VOL|UPTREND
AUDUSD_4_3.27.109_SELL_M15,AUDUSD,SELL,IS,2023-05-15 04:30:00+00:00,2023-05-15 23:45:00+00:00,-41.1,ASIA,HIGH_VOL,ACTIVE,DOWNTREND,ASIA|HIGH_VOL|DOWNTREND
AUDUSD_4_3.27.109_SELL_M15,AUDUSD,SELL,IS,2023-05-16 03:15:00+00:00,2023-05-16 05:01:40+00:00,14.3,ASIA,MID_VOL,NORMAL,RANGE,ASIA|MID_VOL|RANGE
AUDUSD_4_3.27.109_SELL_M15,AUDUSD,SELL,IS,2023-05-26 09:30:00+00:00,2023-05-26 18:23:40+00:00,22.7,LONDON,HIGH_VOL,NORMAL,DOWNTREND,LONDON|HIGH_VOL|DOWNTREND
AUDUSD_4_3.27.109_SELL_M15,AUDUSD,SELL,IS,2023-06-02 04:45:00+00:00,2023-06-02 23:45:00+00:00,-17.4,ASIA,HIGH_VOL,NORMAL,RANGE,ASIA|HIGH_VOL|RANGE
AUDUSD_4_3.27.109_SELL_M15,AUDUSD,SELL,IS,2023-06-06 07:45:00+00:00,2023-06-06 23:45:00+00:00,-8.9,LONDON,HIGH_VOL,ACTIVE,UPTREND,LONDON|HIGH_VOL|UPTREND
AUDUSD_4_3.27.109_SELL_M15,AUDUSD,SELL,IS,2023-06-07 03:00:00+00:00,2023-06-07 18:51:40+00:00,20.4,ASIA,MID_VOL,NORMAL,UPTREND,ASIA|MID_VOL|UPTREND
AUDUSD_4_3.27.109_SELL_M15,AUDUSD,SELL,IS,2023-06-08 19:30:00+00:00,2023-06-08 23:45:00+00:00,0.3,NY_PM,HIGH_VOL,NORMAL,UPTREND,NY_PM|HIGH_VOL|UPTREND
AUDUSD_4_3.27.109_SELL_M15,AUDUSD,SELL,IS,2023-06-09 09:45:00+00:00,2023-06-09 23:45:00+00:00,-27.4,LONDON,HIGH_VOL,NORMAL,UPTREND,LONDON|HIGH_VOL|UPTREND
AUDUSD_4_3.27.109_SELL_M15,AUDUSD,SELL,IS,2023-06-12 09:30:00+00:00,2023-06-12 23:45:00+00:00,3.5,LONDON,HIGH_VOL,NORMAL,UPTREND,LONDON|HIGH_VOL|UPTREND
AUDUSD_4_3.27.109_SELL_M15,AUDUSD,SELL,IS,2023-06-13 15:45:00+00:00,2023-06-13 21:28:40+00:00,32.7,NEW_YORK,HIGH_VOL,ACTIVE,UPTREND,NEW_YORK|HIGH_VOL|UPTREND
AUDUSD_4_3.27.109_SELL_M15,AUDUSD,SELL,IS,2023-06-14 13:00:00+00:00,2023-06-14 21:06:40+00:00,22.0,NEW_YORK,LOW_VOL,NORMAL,UPTREND,NEW_YORK|LOW_VOL|UPTREND
AUDUSD_4_3.27.109_SELL_M15,AUDUSD,SELL,IS,2023-06-15 08:45:00+00:00,2023-06-15 20:47:40+00:00,-66.0,LONDON,HIGH_VOL,NORMAL,UPTREND,LONDON|HIGH_VOL|UPTREND
AUDUSD_4_3.27.109_SELL_M15,AUDUSD,SELL,IS,2023-06-16 02:00:00+00:00,2023-06-16 17:19:40+00:00,21.6,ASIA,LOW_VOL,NORMAL,UPTREND,ASIA|LOW_VOL|UPTREND
AUDUSD_4_3.27.109_SELL_M15,AUDUSD,SELL,IS,2023-06-21 19:45:00+00:00,2023-06-21 23:45:30+00:00,-6.2,NY_PM,HIGH_VOL,NORMAL,RANGE,NY_PM|HIGH_VOL|RANGE
AUDUSD_4_3.27.109_SELL_M15,AUDUSD,SELL,IS,2023-06-27 04:30:00+00:00,2023-06-27 23:45:00+00:00,4.3,ASIA,HIGH_VOL,ACTIVE,RANGE,ASIA|HIGH_VOL|RANGE
AUDUSD_4_3.27.109_SELL_M15,AUDUSD,SELL,IS,2023-06-29 04:45:00+00:00,2023-06-29 23:45:00+00:00,2.7,ASIA,HIGH_VOL,ACTIVE,DOWNTREND,ASIA|HIGH_VOL|DOWNTREND
AUDUSD_4_3.27.109_SELL_M15,AUDUSD,SELL,IS,2023-07-06 05:30:00+00:00,2023-07-06 07:01:40+00:00,21.1,ASIA,HIGH_VOL,ACTIVE,DOWNTREND,ASIA|HIGH_VOL|DOWNTREND
AUDUSD_4_3.27.109_SELL_M15,AUDUSD,SELL,IS,2023-07-07 13:45:00+00:00,2023-07-07 15:22:40+00:00,24.3,NEW_YORK,HIGH_VOL,NORMAL,DOWNTREND,NEW_YORK|HIGH_VOL|DOWNTREND
AUDUSD_4_3.27.109_SELL_M15,AUDUSD,SELL,IS,2023-07-10 20:00:00+00:00,2023-07-10 23:45:00+00:00,-6.2,NY_PM,MID_VOL,NORMAL,RANGE,NY_PM|MID_VOL|RANGE
AUDUSD_4_3.27.109_SELL_M15,AUDUSD,SELL,IS,2023-07-13 05:15:00+00:00,2023-07-13 15:30:40+00:00,-66.0,ASIA,HIGH_VOL,NORMAL,UPTREND,ASIA|HIGH_VOL|UPTREND
AUDUSD_4_3.27.109_SELL_M15,AUDUSD,SELL,IS,2023-07-18 04:30:00+00:00,2023-07-18 10:59:40+00:00,24.8,ASIA,HIGH_VOL,ACTIVE,RANGE,ASIA|HIGH_VOL|RANGE
AUDUSD_4_3.27.109_SELL_M15,AUDUSD,SELL,IS,2023-07-20 03:45:00+00:00,2023-07-20 23:45:00+00:00,4.2,ASIA,HIGH_VOL,NORMAL,RANGE,ASIA|HIGH_VOL|RANGE
AUDUSD_4_3.27.109_SELL_M15,AUDUSD,SELL,IS,2023-07-24 14:30:00+00:00,2023-07-24 16:20:40+00:00,27.5,NEW_YORK,MID_VOL,NORMAL,DOWNTREND,NEW_YORK|MID_VOL|DOWNTREND
AUDUSD_4_3.27.109_SELL_M15,AUDUSD,SELL,IS,2023-07-31 04:45:00+00:00,2023-07-31 17:55:40+00:00,-66.0,ASIA,HIGH_VOL,ACTIVE,DOWNTREND,ASIA|HIGH_VOL|DOWNTREND
AUDUSD_4_3.27.109_SELL_M15,AUDUSD,SELL,IS,2023-08-03 19:45:00+00:00,2023-08-03 23:45:00+00:00,15.5,NY_PM,HIGH_VOL,NORMAL,DOWNTREND,NY_PM|HIGH_VOL|DOWNTREND
AUDUSD_4_3.27.109_SELL_M15,AUDUSD,SELL,IS,2023-08-04 03:45:00+00:00,2023-08-04 23:45:00+00:00,-3.0,ASIA,HIGH_VOL,NORMAL,DOWNTREND,ASIA|HIGH_VOL|DOWNTREND
AUDUSD_4_3.27.109_SELL_M15,AUDUSD,SELL,IS,2023-08-08 20:45:00+00:00,2023-08-08 23:45:00+00:00,-6.1,NY_PM,HIGH_VOL,NORMAL,DOWNTREND,NY_PM|HIGH_VOL|DOWNTREND
AUDUSD_4_3.27.109_SELL_M15,AUDUSD,SELL,IS,2023-08-09 06:00:00+00:00,2023-08-09 15:13:40+00:00,28.2,ASIA,MID_VOL,NORMAL,DOWNTREND,ASIA|MID_VOL|DOWNTREND
AUDUSD_4_3.27.109_SELL_M15,AUDUSD,SELL,IS,2023-08-10 16:00:00+00:00,2023-08-10 20:22:40+00:00,39.0,NEW_YORK,HIGH_VOL,ACTIVE,DOWNTREND,NEW_YORK|HIGH_VOL|DOWNTREND
AUDUSD_4_3.27.109_SELL_M15,AUDUSD,SELL,IS,2023-08-14 11:00:00+00:00,2023-08-14 16:24:40+00:00,27.8,LONDON,MID_VOL,NORMAL,DOWNTREND,LONDON|MID_VOL|DOWNTREND
AUDUSD_4_3.27.109_SELL_M15,AUDUSD,SELL,IS,2023-08-16 09:30:00+00:00,2023-08-16 16:00:20+00:00,30.0,LONDON,HIGH_VOL,NORMAL,DOWNTREND,LONDON|HIGH_VOL|DOWNTREND
AUDUSD_4_3.27.109_SELL_M15,AUDUSD,SELL,IS,2023-08-17 13:15:00+00:00,2023-08-17 23:45:00+00:00,18.1,NEW_YORK,HIGH_VOL,NORMAL,DOWNTREND,NEW_YORK|HIGH_VOL|DOWNTREND
AUDUSD_4_3.27.109_SELL_M15,AUDUSD,SELL,IS,2023-08-24 01:15:00+00:00,2023-08-24 11:00:20+00:00,23.9,ASIA,LOW_VOL,NORMAL,RANGE,ASIA|LOW_VOL|RANGE
AUDUSD_4_3.27.109_SELL_M15,AUDUSD,SELL,IS,2023-08-28 04:15:00+00:00,2023-08-28 23:45:00+00:00,-1.6,ASIA,HIGH_VOL,ACTIVE,RANGE,ASIA|HIGH_VOL|RANGE
AUDUSD_4_3.27.109_SELL_M15,AUDUSD,SELL,IS,2023-09-11 20:00:00+00:00,2023-09-12 00:05:06+00:00,-2.2,NY_PM,LOW_VOL,UNKNOWN,RANGE,NY_PM|LOW_VOL|RANGE
AUDUSD_4_3.27.109_SELL_M15,AUDUSD,SELL,IS,2023-09-14 04:00:00+00:00,2023-09-15 00:05:06+00:00,1.9,ASIA,HIGH_VOL,UNKNOWN,UPTREND,ASIA|HIGH_VOL|UPTREND
AUDUSD_4_3.27.109_SELL_M15,AUDUSD,SELL,IS,2023-09-20 14:00:00+00:00,2023-09-21 00:05:06+00:00,22.92,NEW_YORK,MID_VOL,UNKNOWN,UPTREND,NEW_YORK|MID_VOL|UPTREND
AUDUSD_4_3.27.109_SELL_M15,AUDUSD,SELL,IS,2023-10-10 03:00:00+00:00,2023-10-11 00:05:06+00:00,-13.8,ASIA,MID_VOL,UNKNOWN,RANGE,ASIA|MID_VOL|RANGE
AUDUSD_4_3.27.109_SELL_M15,AUDUSD,SELL,IS,2023-10-17 11:00:00+00:00,2023-10-18 00:05:06+00:00,-15.5,LONDON,HIGH_VOL,UNKNOWN,DOWNTREND,LONDON|HIGH_VOL|DOWNTREND
AUDUSD_4_3.27.109_SELL_M15,AUDUSD,SELL,IS,2023-10-25 08:00:00+00:00,2023-10-25 12:00:40+00:00,49.7,LONDON,HIGH_VOL,UNKNOWN,UPTREND,LONDON|HIGH_VOL|UPTREND
AUDUSD_4_3.27.109_SELL_M15,AUDUSD,SELL,IS,2023-10-30 13:00:00+00:00,2023-10-31 00:05:06+00:00,-11.7,NEW_YORK,LOW_VOL,UNKNOWN,UPTREND,NEW_YORK|LOW_VOL|UPTREND
AUDUSD_4_3.27.109_SELL_M15,AUDUSD,SELL,IS,2023-11-01 18:00:00+00:00,2023-11-02 00:05:06+00:00,-24.78,NY_PM,HIGH_VOL,UNKNOWN,RANGE,NY_PM|HIGH_VOL|RANGE
AUDUSD_4_3.27.109_SELL_M15,AUDUSD,SELL,IS,2023-11-03 16:00:00+00:00,2023-11-06 00:05:06+00:00,-23.2,NEW_YORK,HIGH_VOL,UNKNOWN,UPTREND,NEW_YORK|HIGH_VOL|UPTREND
AUDUSD_4_3.27.109_SELL_M15,AUDUSD,SELL,IS,2023-11-06 11:00:00+00:00,2023-11-07 00:05:06+00:00,19.2,LONDON,HIGH_VOL,UNKNOWN,UPTREND,LONDON|HIGH_VOL|UPTREND
AUDUSD_4_3.27.109_SELL_M15,AUDUSD,SELL,IS,2023-11-15 18:00:00+00:00,2023-11-16 00:05:06+00:00,9.62,NY_PM,HIGH_VOL,UNKNOWN,UPTREND,NY_PM|HIGH_VOL|UPTREND
AUDUSD_4_3.27.109_SELL_M15,AUDUSD,SELL,IS,2023-11-20 10:15:00+00:00,2023-11-20 23:45:00+00:00,-3.3,LONDON,HIGH_VOL,UNKNOWN,UPTREND,LONDON|HIGH_VOL|UPTREND
AUDUSD_4_3.27.109_SELL_M15,AUDUSD,SELL,IS,2023-11-21 03:30:00+00:00,2023-11-21 20:23:40+00:00,23.6,ASIA,HIGH_VOL,UNKNOWN,UPTREND,ASIA|HIGH_VOL|UPTREND
AUDUSD_4_3.27.109_SELL_M15,AUDUSD,SELL,IS,2023-11-27 15:15:00+00:00,2023-11-27 23:45:00+00:00,-3.7,NEW_YORK,HIGH_VOL,UNKNOWN,UPTREND,NEW_YORK|HIGH_VOL|UPTREND
AUDUSD_4_3.27.109_SELL_M15,AUDUSD,SELL,IS,2023-11-28 03:15:00+00:00,2023-11-28 10:43:40+00:00,20.7,ASIA,HIGH_VOL,UNKNOWN,UPTREND,ASIA|HIGH_VOL|UPTREND
AUDUSD_4_3.27.109_SELL_M15,AUDUSD,SELL,IS,2023-11-29 03:15:00+00:00,2023-11-29 08:16:40+00:00,29.4,ASIA,HIGH_VOL,UNKNOWN,UPTREND,ASIA|HIGH_VOL|UPTREND
AUDUSD_4_3.27.109_SELL_M15,AUDUSD,SELL,IS,2023-12-04 01:15:00+00:00,2023-12-04 09:41:40+00:00,28.9,ASIA,HIGH_VOL,UNKNOWN,UPTREND,ASIA|HIGH_VOL|UPTREND
AUDUSD_4_3.27.109_SELL_M15,AUDUSD,SELL,IS,2023-12-06 02:45:00+00:00,2023-12-06 23:45:00+00:00,17.3,ASIA,HIGH_VOL,NORMAL,RANGE,ASIA|HIGH_VOL|RANGE
AUDUSD_4_3.27.109_SELL_M15,AUDUSD,SELL,IS,2023-12-07 09:30:00+00:00,2023-12-07 23:45:00+00:00,-43.3,LONDON,HIGH_VOL,NORMAL,DOWNTREND,LONDON|HIGH_VOL|DOWNTREND
AUDUSD_4_3.27.109_SELL_M15,AUDUSD,SELL,IS,2023-12-08 06:15:00+00:00,2023-12-08 15:30:40+00:00,26.4,ASIA,MID_VOL,NORMAL,RANGE,ASIA|MID_VOL|RANGE
AUDUSD_4_3.27.109_SELL_M15,AUDUSD,SELL,IS,2023-12-12 09:00:00+00:00,2023-12-12 15:30:20+00:00,19.1,LONDON,LOW_VOL,NORMAL,RANGE,LONDON|LOW_VOL|RANGE
AUDUSD_4_3.27.109_SELL_M15,AUDUSD,SELL,IS,2023-12-13 16:00:00+00:00,2023-12-13 21:13:40+00:00,-66.0,NEW_YORK,HIGH_VOL,ACTIVE,RANGE,NEW_YORK|HIGH_VOL|RANGE
AUDUSD_4_3.27.109_SELL_M15,AUDUSD,SELL,IS,2023-12-14 09:00:00+00:00,2023-12-14 17:43:40+00:00,37.0,LONDON,HIGH_VOL,ACTIVE,UPTREND,LONDON|HIGH_VOL|UPTREND
AUDUSD_4_3.27.109_SELL_M15,AUDUSD,SELL,IS,2023-12-21 18:00:00+00:00,2023-12-21 23:45:00+00:00,-17.2,NY_PM,HIGH_VOL,ACTIVE,UPTREND,NY_PM|HIGH_VOL|UPTREND
AUDUSD_4_3.27.109_SELL_M15,AUDUSD,SELL,IS,2023-12-22 15:30:00+00:00,2023-12-22 23:45:00+00:00,11.8,NEW_YORK,HIGH_VOL,ACTIVE,UPTREND,NEW_YORK|HIGH_VOL|UPTREND
AUDUSD_4_3.27.109_SELL_M15,AUDUSD,SELL,IS,2024-01-04 08:30:00+00:00,2024-01-04 15:15:40+00:00,25.1,LONDON,HIGH_VOL,NORMAL,DOWNTREND,LONDON|HIGH_VOL|DOWNTREND
AUDUSD_4_3.27.109_SELL_M15,AUDUSD,SELL,IS,2024-01-05 17:15:00+00:00,2024-01-05 23:45:00+00:00,21.9,NY_PM,HIGH_VOL,ACTIVE,DOWNTREND,NY_PM|HIGH_VOL|DOWNTREND
AUDUSD_4_3.27.109_SELL_M15,AUDUSD,SELL,IS,2024-01-19 02:00:00+00:00,2024-01-19 23:45:00+00:00,-16.1,ASIA,LOW_VOL,NORMAL,DOWNTREND,ASIA|LOW_VOL|DOWNTREND
AUDUSD_4_3.27.109_SELL_M15,AUDUSD,SELL,IS,2024-01-31 11:00:00+00:00,2024-01-31 22:04:40+00:00,22.7,LONDON,LOW_VOL,ACTIVE,DOWNTREND,LONDON|LOW_VOL|DOWNTREND
AUDUSD_4_3.27.109_SELL_M15,AUDUSD,SELL,IS,2024-02-02 03:15:00+00:00,2024-02-02 15:33:20+00:00,22.5,ASIA,HIGH_VOL,NORMAL,RANGE,ASIA|HIGH_VOL|RANGE
AUDUSD_4_3.27.109_SELL_M15,AUDUSD,SELL,IS,2024-02-06 04:00:00+00:00,2024-02-06 23:45:00+00:00,-28.5,ASIA,LOW_VOL,NORMAL,DOWNTREND,ASIA|LOW_VOL|DOWNTREND
AUDUSD_4_3.27.109_SELL_M15,AUDUSD,SELL,IS,2024-02-07 01:30:00+00:00,2024-02-07 23:45:00+00:00,6.3,ASIA,LOW_VOL,NORMAL,RANGE,ASIA|LOW_VOL|RANGE
AUDUSD_4_3.27.109_SELL_M15,AUDUSD,SELL,IS,2024-02-09 09:15:00+00:00,2024-02-09 23:45:00+00:00,-22.6,LONDON,MID_VOL,NORMAL,DOWNTREND,LONDON|MID_VOL|DOWNTREND
AUDUSD_4_3.27.109_SELL_M15,AUDUSD,SELL,IS,2024-02-12 18:30:00+00:00,2024-02-12 23:45:00+00:00,5.5,NY_PM,MID_VOL,NORMAL,RANGE,NY_PM|MID_VOL|RANGE
AUDUSD_4_3.27.109_SELL_M15,AUDUSD,SELL,IS,2024-02-14 07:45:00+00:00,2024-02-14 23:45:00+00:00,-26.7,LONDON,LOW_VOL,NORMAL,DOWNTREND,LONDON|LOW_VOL|DOWNTREND
AUDUSD_4_3.27.109_SELL_M15,AUDUSD,SELL,IS,2024-02-15 01:30:00+00:00,2024-02-15 03:29:40+00:00,16.1,ASIA,MID_VOL,NORMAL,DOWNTREND,ASIA|MID_VOL|DOWNTREND
AUDUSD_4_3.27.109_SELL_M15,AUDUSD,SELL,IS,2024-02-16 00:30:00+00:00,2024-02-16 15:30:40+00:00,17.0,ASIA,LOW_VOL,THIN,RANGE,ASIA|LOW_VOL|RANGE
AUDUSD_4_3.27.109_SELL_M15,AUDUSD,SELL,IS,2024-02-19 02:30:00+00:00,2024-02-19 23:45:00+00:00,5.2,ASIA,HIGH_VOL,NORMAL,RANGE,ASIA|HIGH_VOL|RANGE
AUDUSD_4_3.27.109_SELL_M15,AUDUSD,SELL,IS,2024-02-21 05:15:00+00:00,2024-02-21 17:41:40+00:00,19.4,ASIA,MID_VOL,NORMAL,UPTREND,ASIA|MID_VOL|UPTREND
AUDUSD_4_3.27.109_SELL_M15,AUDUSD,SELL,IS,2024-02-27 09:00:00+00:00,2024-02-27 23:45:00+00:00,4.0,LONDON,MID_VOL,NORMAL,RANGE,LONDON|MID_VOL|RANGE
AUDUSD_4_3.27.109_SELL_M15,AUDUSD,SELL,IS,2024-02-29 03:45:00+00:00,2024-02-29 14:57:40+00:00,16.2,ASIA,HIGH_VOL,ACTIVE,DOWNTREND,ASIA|HIGH_VOL|DOWNTREND
AUDUSD_4_3.27.109_SELL_M15,AUDUSD,SELL,IS,2024-03-05 17:15:00+00:00,2024-03-05 23:45:00+00:00,9.2,NY_PM,HIGH_VOL,ACTIVE,RANGE,NY_PM|HIGH_VOL|RANGE
AUDUSD_4_3.27.109_SELL_M15,AUDUSD,SELL,IS,2024-03-06 09:15:00+00:00,2024-03-06 23:45:00+00:00,-42.9,LONDON,MID_VOL,ACTIVE,RANGE,LONDON|MID_VOL|RANGE
AUDUSD_4_3.27.109_SELL_M15,AUDUSD,SELL,IS,2024-03-07 06:00:00+00:00,2024-03-07 23:45:00+00:00,-38.9,ASIA,MID_VOL,NORMAL,UPTREND,ASIA|MID_VOL|UPTREND
AUDUSD_4_3.27.109_SELL_M15,AUDUSD,SELL,IS,2024-03-08 02:15:00+00:00,2024-03-08 23:45:00+00:00,1.4,ASIA,HIGH_VOL,NORMAL,UPTREND,ASIA|HIGH_VOL|UPTREND
AUDUSD_4_3.27.109_SELL_M15,AUDUSD,SELL,IS,2024-03-12 03:30:00+00:00,2024-03-12 15:30:40+00:00,15.1,ASIA,MID_VOL,NORMAL,UPTREND,ASIA|MID_VOL|UPTREND
AUDUSD_4_3.27.109_SELL_M15,AUDUSD,SELL,IS,2024-03-18 11:45:00+00:00,2024-03-18 19:14:40+00:00,15.8,LONDON,MID_VOL,NORMAL,DOWNTREND,LONDON|MID_VOL|DOWNTREND
AUDUSD_4_3.27.109_SELL_M15,AUDUSD,SELL,IS,2024-03-19 18:00:00+00:00,2024-03-19 23:45:00+00:00,0.1999999999999999,NY_PM,MID_VOL,NORMAL,DOWNTREND,NY_PM|MID_VOL|DOWNTREND
AUDUSD_4_3.27.109_SELL_M15,AUDUSD,SELL,IS,2024-03-21 03:45:00+00:00,2024-03-21 17:01:40+00:00,30.0,ASIA,HIGH_VOL,ACTIVE,RANGE,ASIA|HIGH_VOL|RANGE
AUDUSD_4_3.27.109_SELL_M15,AUDUSD,SELL,IS,2024-03-25 04:30:00+00:00,2024-03-25 23:45:00+00:00,-11.5,ASIA,HIGH_VOL,ACTIVE,DOWNTREND,ASIA|HIGH_VOL|DOWNTREND
AUDUSD_4_3.27.109_SELL_M15,AUDUSD,SELL,IS,2024-04-02 11:15:00+00:00,2024-04-02 23:45:00+00:00,-12.4,LONDON,HIGH_VOL,ACTIVE,DOWNTREND,LONDON|HIGH_VOL|DOWNTREND
AUDUSD_4_3.27.109_SELL_M15,AUDUSD,SELL,IS,2024-04-03 01:15:00+00:00,2024-04-03 04:34:40+00:00,14.2,ASIA,MID_VOL,NORMAL,DOWNTREND,ASIA|MID_VOL|DOWNTREND
AUDUSD_4_3.27.109_SELL_M15,AUDUSD,SELL,IS,2024-04-04 01:15:00+00:00,2024-04-04 23:45:00+00:00,-22.9,ASIA,MID_VOL,NORMAL,RANGE,ASIA|MID_VOL|RANGE
AUDUSD_4_3.27.109_SELL_M15,AUDUSD,SELL,IS,2024-04-05 12:45:00+00:00,2024-04-05 15:30:40+00:00,17.6,LONDON,MID_VOL,NORMAL,RANGE,LONDON|MID_VOL|RANGE
AUDUSD_4_3.27.109_SELL_M15,AUDUSD,SELL,IS,2024-04-09 12:30:00+00:00,2024-04-09 23:45:00+00:00,-10.2,LONDON,HIGH_VOL,NORMAL,UPTREND,LONDON|HIGH_VOL|UPTREND
AUDUSD_4_3.27.109_SELL_M15,AUDUSD,SELL,IS,2024-04-11 16:00:00+00:00,2024-04-11 17:39:20+00:00,30.7,NEW_YORK,HIGH_VOL,ACTIVE,DOWNTREND,NEW_YORK|HIGH_VOL|DOWNTREND
AUDUSD_4_3.27.109_SELL_M15,AUDUSD,SELL,IS,2024-04-17 05:45:00+00:00,2024-04-17 23:45:00+00:00,-15.2,ASIA,MID_VOL,NORMAL,DOWNTREND,ASIA|MID_VOL|DOWNTREND
AUDUSD_4_3.27.109_SELL_M15,AUDUSD,SELL,IS,2024-04-23 17:00:00+00:00,2024-04-23 23:46:30+00:00,-5.8,NY_PM,HIGH_VOL,ACTIVE,RANGE,NY_PM|HIGH_VOL|RANGE
AUDUSD_4_3.27.109_SELL_M15,AUDUSD,SELL,IS,2024-04-24 03:30:00+00:00,2024-04-24 23:45:00+00:00,-5.4,ASIA,MID_VOL,NORMAL,RANGE,ASIA|MID_VOL|RANGE
AUDUSD_4_3.27.109_SELL_M15,AUDUSD,SELL,IS,2024-05-01 17:30:00+00:00,2024-05-01 23:45:00+00:00,-30.7,NY_PM,HIGH_VOL,ACTIVE,RANGE,NY_PM|HIGH_VOL|RANGE
AUDUSD_4_3.27.109_SELL_M15,AUDUSD,SELL,IS,2024-05-02 05:45:00+00:00,2024-05-02 23:45:00+00:00,-29.8,ASIA,MID_VOL,NORMAL,RANGE,ASIA|MID_VOL|RANGE
AUDUSD_4_3.27.109_SELL_M15,AUDUSD,SELL,IS,2024-05-03 02:15:00+00:00,2024-05-03 15:30:40+00:00,-66.0,ASIA,LOW_VOL,NORMAL,UPTREND,ASIA|LOW_VOL|UPTREND
AUDUSD_4_3.27.109_SELL_M15,AUDUSD,SELL,IS,2024-05-06 11:30:00+00:00,2024-05-06 23:45:00+00:00,3.0,LONDON,HIGH_VOL,NORMAL,UPTREND,LONDON|HIGH_VOL|UPTREND
AUDUSD_4_3.27.109_SELL_M15,AUDUSD,SELL,IS,2024-05-07 03:30:00+00:00,2024-05-07 07:30:40+00:00,13.6,ASIA,HIGH_VOL,NORMAL,UPTREND,ASIA|HIGH_VOL|UPTREND
AUDUSD_4_3.27.109_SELL_M15,AUDUSD,SELL,IS,2024-05-08 19:00:00+00:00,2024-05-08 23:45:00+00:00,3.7,NY_PM,MID_VOL,NORMAL,RANGE,NY_PM|MID_VOL|RANGE
AUDUSD_4_3.27.109_SELL_M15,AUDUSD,SELL,IS,2024-05-09 21:30:00+00:00,2024-05-09 23:45:00+00:00,-7.7,NY_PM,MID_VOL,NORMAL,RANGE,NY_PM|MID_VOL|RANGE
AUDUSD_4_3.27.109_SELL_M15,AUDUSD,SELL,IS,2024-05-15 18:30:00+00:00,2024-05-15 23:45:00+00:00,-10.2,NY_PM,HIGH_VOL,ACTIVE,UPTREND,NY_PM|HIGH_VOL|UPTREND
AUDUSD_4_3.27.109_SELL_M15,AUDUSD,SELL,IS,2024-05-16 01:15:00+00:00,2024-05-16 13:45:40+00:00,22.5,ASIA,MID_VOL,NORMAL,UPTREND,ASIA|MID_VOL|UPTREND
AUDUSD_4_3.27.109_SELL_M15,AUDUSD,SELL,IS,2024-05-20 02:30:00+00:00,2024-05-20 14:35:40+00:00,16.2,ASIA,HIGH_VOL,NORMAL,UPTREND,ASIA|HIGH_VOL|UPTREND
AUDUSD_4_3.27.109_SELL_M15,AUDUSD,SELL,IS,2024-05-23 13:00:00+00:00,2024-05-23 20:00:40+00:00,20.1,NEW_YORK,LOW_VOL,NORMAL,RANGE,NEW_YORK|LOW_VOL|RANGE
AUDUSD_4_3.27.109_SELL_M15,AUDUSD,SELL,IS,2024-05-24 13:15:00+00:00,2024-05-24 23:45:00+00:00,-12.1,NEW_YORK,MID_VOL,NORMAL,DOWNTREND,NEW_YORK|MID_VOL|DOWNTREND
AUDUSD_4_3.27.109_SELL_M15,AUDUSD,SELL,IS,2024-05-27 10:30:00+00:00,2024-05-27 23:45:00+00:00,-15.6,LONDON,LOW_VOL,NORMAL,RANGE,LONDON|LOW_VOL|RANGE
AUDUSD_4_3.27.109_SELL_M15,AUDUSD,SELL,IS,2024-05-28 05:15:00+00:00,2024-05-28 20:50:40+00:00,13.8,ASIA,MID_VOL,NORMAL,UPTREND,ASIA|MID_VOL|UPTREND
AUDUSD_4_3.27.109_SELL_M15,AUDUSD,SELL,IS,2024-05-30 14:45:00+00:00,2024-05-30 23:45:00+00:00,-8.7,NEW_YORK,HIGH_VOL,NORMAL,RANGE,NEW_YORK|HIGH_VOL|RANGE
AUDUSD_4_3.27.109_SELL_M15,AUDUSD,SELL,IS,2024-05-31 15:45:00+00:00,2024-05-31 18:11:40+00:00,22.3,NEW_YORK,HIGH_VOL,ACTIVE,RANGE,NEW_YORK|HIGH_VOL|RANGE
AUDUSD_4_3.27.109_SELL_M15,AUDUSD,SELL,IS,2024-06-03 19:00:00+00:00,2024-06-03 23:45:00+00:00,-6.7,NY_PM,HIGH_VOL,ACTIVE,UPTREND,NY_PM|HIGH_VOL|UPTREND
AUDUSD_4_3.27.109_SELL_M15,AUDUSD,SELL,IS,2024-06-04 01:15:00+00:00,2024-06-04 08:49:40+00:00,21.5,ASIA,MID_VOL,NORMAL,UPTREND,ASIA|MID_VOL|UPTREND
AUDUSD_4_3.27.109_SELL_M15,AUDUSD,SELL,IS,2024-06-10 18:30:00+00:00,2024-06-10 23:45:00+00:00,-4.9,NY_PM,HIGH_VOL,NORMAL,DOWNTREND,NY_PM|HIGH_VOL|DOWNTREND
AUDUSD_4_3.27.109_SELL_M15,AUDUSD,SELL,IS,2024-06-17 21:15:00+00:00,2024-06-17 23:45:00+00:00,0.3,NY_PM,LOW_VOL,NORMAL,DOWNTREND,NY_PM|LOW_VOL|DOWNTREND
AUDUSD_4_3.27.109_SELL_M15,AUDUSD,SELL,IS,2024-06-18 03:00:00+00:00,2024-06-18 07:30:40+00:00,13.3,ASIA,MID_VOL,NORMAL,DOWNTREND,ASIA|MID_VOL|DOWNTREND
AUDUSD_4_3.27.109_SELL_M15,AUDUSD,SELL,IS,2024-06-19 02:15:00+00:00,2024-06-19 23:45:00+00:00,-13.8,ASIA,LOW_VOL,NORMAL,RANGE,ASIA|LOW_VOL|RANGE
AUDUSD_4_3.27.109_SELL_M15,AUDUSD,SELL,IS,2024-06-28 12:45:00+00:00,2024-06-28 23:45:00+00:00,-16.5,LONDON,HIGH_VOL,ACTIVE,RANGE,LONDON|HIGH_VOL|RANGE
AUDUSD_4_3.27.109_SELL_M15,AUDUSD,SELL,OOS,2024-07-03 06:45:00+00:00,2024-07-03 23:45:00+00:00,-27.5,ASIA,MID_VOL,NORMAL,UPTREND,ASIA|MID_VOL|UPTREND
AUDUSD_4_3.27.109_SELL_M15,AUDUSD,SELL,OOS,2024-07-04 03:45:00+00:00,2024-07-04 23:45:00+00:00,-14.2,ASIA,MID_VOL,NORMAL,UPTREND,ASIA|MID_VOL|UPTREND
AUDUSD_4_3.27.109_SELL_M15,AUDUSD,SELL,OOS,2024-07-05 03:45:00+00:00,2024-07-05 15:30:20+00:00,9.4,ASIA,HIGH_VOL,ACTIVE,UPTREND,ASIA|HIGH_VOL|UPTREND
AUDUSD_4_3.27.109_SELL_M15,AUDUSD,SELL,OOS,2024-07-08 06:45:00+00:00,2024-07-08 11:51:40+00:00,19.0,ASIA,HIGH_VOL,NORMAL,UPTREND,ASIA|HIGH_VOL|UPTREND
AUDUSD_4_3.27.109_SELL_M15,AUDUSD,SELL,OOS,2024-07-12 12:00:00+00:00,2024-07-12 23:45:00+00:00,-7.7,LONDON,MID_VOL,NORMAL,UPTREND,LONDON|MID_VOL|UPTREND
AUDUSD_4_3.27.109_SELL_M15,AUDUSD,SELL,OOS,2024-07-17 12:00:00+00:00,2024-07-17 17:42:20+00:00,24.8,LONDON,HIGH_VOL,ACTIVE,RANGE,LONDON|HIGH_VOL|RANGE
AUDUSD_4_3.27.109_SELL_M15,AUDUSD,SELL,OOS,2024-07-22 01:30:00+00:00,2024-07-22 04:52:40+00:00,15.3,ASIA,HIGH_VOL,NORMAL,DOWNTREND,ASIA|HIGH_VOL|DOWNTREND
AUDUSD_4_3.27.109_SELL_M15,AUDUSD,SELL,OOS,2024-07-25 18:15:00+00:00,2024-07-25 23:45:00+00:00,18.4,NY_PM,HIGH_VOL,ACTIVE,DOWNTREND,NY_PM|HIGH_VOL|DOWNTREND
AUDUSD_4_3.27.109_SELL_M15,AUDUSD,SELL,OOS,2024-07-26 05:00:00+00:00,2024-07-26 23:45:00+00:00,3.9,ASIA,MID_VOL,NORMAL,DOWNTREND,ASIA|MID_VOL|DOWNTREND
AUDUSD_4_3.27.109_SELL_M15,AUDUSD,SELL,OOS,2024-07-31 15:45:00+00:00,2024-07-31 23:45:00+00:00,-19.2,NEW_YORK,HIGH_VOL,ACTIVE,DOWNTREND,NEW_YORK|HIGH_VOL|DOWNTREND
AUDUSD_4_3.27.109_SELL_M15,AUDUSD,SELL,OOS,2024-08-07 14:30:00+00:00,2024-08-07 20:09:40+00:00,34.0,NEW_YORK,MID_VOL,NORMAL,RANGE,NEW_YORK|MID_VOL|RANGE
AUDUSD_4_3.27.109_SELL_M15,AUDUSD,SELL,OOS,2024-08-08 19:00:00+00:00,2024-08-08 23:45:00+00:00,-14.0,NY_PM,MID_VOL,NORMAL,RANGE,NY_PM|MID_VOL|RANGE
AUDUSD_4_3.27.109_SELL_M15,AUDUSD,SELL,OOS,2024-08-09 00:30:00+00:00,2024-08-09 23:45:00+00:00,18.4,ASIA,LOW_VOL,THIN,UPTREND,ASIA|LOW_VOL|UPTREND
AUDUSD_4_3.27.109_SELL_M15,AUDUSD,SELL,OOS,2024-08-14 04:00:00+00:00,2024-08-14 05:00:40+00:00,18.2,ASIA,LOW_VOL,ACTIVE,UPTREND,ASIA|LOW_VOL|UPTREND
AUDUSD_4_3.27.109_SELL_M15,AUDUSD,SELL,OOS,2024-08-15 07:15:00+00:00,2024-08-15 23:45:00+00:00,12.2,LONDON,LOW_VOL,NORMAL,UPTREND,LONDON|LOW_VOL|UPTREND
AUDUSD_4_3.27.109_SELL_M15,AUDUSD,SELL,OOS,2024-08-16 04:45:00+00:00,2024-08-16 23:45:00+00:00,-45.0,ASIA,HIGH_VOL,NORMAL,UPTREND,ASIA|HIGH_VOL|UPTREND
AUDUSD_4_3.27.109_SELL_M15,AUDUSD,SELL,OOS,2024-08-19 01:15:00+00:00,2024-08-19 23:45:00+00:00,-59.1,ASIA,MID_VOL,NORMAL,UPTREND,ASIA|MID_VOL|UPTREND
AUDUSD_4_3.27.109_SELL_M15,AUDUSD,SELL,OOS,2024-08-20 01:15:00+00:00,2024-08-20 06:26:40+00:00,17.0,ASIA,LOW_VOL,NORMAL,UPTREND,ASIA|LOW_VOL|UPTREND
AUDUSD_4_3.27.109_SELL_M15,AUDUSD,SELL,OOS,2024-08-21 03:30:00+00:00,2024-08-21 10:44:40+00:00,13.2,ASIA,LOW_VOL,NORMAL,UPTREND,ASIA|LOW_VOL|UPTREND
AUDUSD_4_3.27.109_SELL_M15,AUDUSD,SELL,OOS,2024-08-23 07:15:00+00:00,2024-08-23 17:34:20+00:00,-66.0,LONDON,MID_VOL,NORMAL,RANGE,LONDON|MID_VOL|RANGE
AUDUSD_4_3.27.109_SELL_M15,AUDUSD,SELL,OOS,2024-08-29 12:30:00+00:00,2024-08-29 16:30:20+00:00,25.2,LONDON,HIGH_VOL,ACTIVE,UPTREND,LONDON|HIGH_VOL|UPTREND
AUDUSD_4_3.27.109_SELL_M15,AUDUSD,SELL,OOS,2024-09-04 16:45:00+00:00,2024-09-04 23:45:00+00:00,5.1,NEW_YORK,HIGH_VOL,ACTIVE,DOWNTREND,NEW_YORK|HIGH_VOL|DOWNTREND
AUDUSD_4_3.27.109_SELL_M15,AUDUSD,SELL,OOS,2024-09-17 01:45:00+00:00,2024-09-17 23:45:00+00:00,-3.6,ASIA,LOW_VOL,NORMAL,UPTREND,ASIA|LOW_VOL|UPTREND
AUDUSD_4_3.27.109_SELL_M15,AUDUSD,SELL,OOS,2024-09-26 08:30:00+00:00,2024-09-26 23:45:00+00:00,-38.6,LONDON,HIGH_VOL,NORMAL,UPTREND,LONDON|HIGH_VOL|UPTREND
AUDUSD_4_3.27.109_SELL_M15,AUDUSD,SELL,OOS,2024-09-30 07:15:00+00:00,2024-09-30 21:20:20+00:00,27.2,LONDON,LOW_VOL,NORMAL,UPTREND,LONDON|LOW_VOL|UPTREND
AUDUSD_4_3.27.109_SELL_M15,AUDUSD,SELL,OOS,2024-10-02 05:00:00+00:00,2024-10-02 23:45:00+00:00,15.9,ASIA,LOW_VOL,NORMAL,RANGE,ASIA|LOW_VOL|RANGE
AUDUSD_4_3.27.109_SELL_M15,AUDUSD,SELL,OOS,2024-10-17 03:45:00+00:00,2024-10-17 23:45:00+00:00,-6.2,ASIA,HIGH_VOL,ACTIVE,DOWNTREND,ASIA|HIGH_VOL|DOWNTREND
AUDUSD_4_3.27.109_SELL_M15,AUDUSD,SELL,OOS,2024-10-21 04:45:00+00:00,2024-10-21 08:28:20+00:00,19.8,ASIA,HIGH_VOL,ACTIVE,RANGE,ASIA|HIGH_VOL|RANGE
AUDUSD_4_3.27.109_SELL_M15,AUDUSD,SELL,OOS,2024-10-22 05:15:00+00:00,2024-10-22 23:45:00+00:00,-15.0,ASIA,MID_VOL,ACTIVE,DOWNTREND,ASIA|MID_VOL|DOWNTREND
AUDUSD_4_3.27.109_SELL_M15,AUDUSD,SELL,OOS,2024-10-24 06:15:00+00:00,2024-10-24 18:33:20+00:00,17.5,ASIA,MID_VOL,NORMAL,DOWNTREND,ASIA|MID_VOL|DOWNTREND
AUDUSD_4_3.27.109_SELL_M15,AUDUSD,SELL,OOS,2024-10-30 11:15:00+00:00,2024-10-30 23:45:00+00:00,-5.3,LONDON,HIGH_VOL,ACTIVE,DOWNTREND,LONDON|HIGH_VOL|DOWNTREND
AUDUSD_4_3.27.109_SELL_M15,AUDUSD,SELL,OOS,2024-11-04 05:15:00+00:00,2024-11-04 18:56:40+00:00,32.7,ASIA,HIGH_VOL,NORMAL,RANGE,ASIA|HIGH_VOL|RANGE
AUDUSD_4_3.27.109_SELL_M15,AUDUSD,SELL,OOS,2024-11-05 17:30:00+00:00,2024-11-05 23:45:00+00:00,-5.7,NY_PM,HIGH_VOL,ACTIVE,RANGE,NY_PM|HIGH_VOL|RANGE
AUDUSD_4_3.27.109_SELL_M15,AUDUSD,SELL,OOS,2024-11-07 10:15:00+00:00,2024-11-07 23:45:00+00:00,-53.9,LONDON,HIGH_VOL,NORMAL,RANGE,LONDON|HIGH_VOL|RANGE
AUDUSD_4_3.27.109_SELL_M15,AUDUSD,SELL,OOS,2024-11-18 03:00:00+00:00,2024-11-18 11:01:40+00:00,22.2,ASIA,MID_VOL,ACTIVE,DOWNTREND,ASIA|MID_VOL|DOWNTREND
AUDUSD_4_3.27.109_SELL_M15,AUDUSD,SELL,OOS,2024-11-19 05:30:00+00:00,2024-11-19 11:19:40+00:00,20.3,ASIA,HIGH_VOL,NORMAL,RANGE,ASIA|HIGH_VOL|RANGE
AUDUSD_4_3.27.109_SELL_M15,AUDUSD,SELL,OOS,2024-11-20 01:45:00+00:00,2024-11-20 10:11:40+00:00,21.0,ASIA,MID_VOL,NORMAL,RANGE,ASIA|MID_VOL|RANGE
AUDUSD_4_3.27.109_SELL_M15,AUDUSD,SELL,OOS,2024-12-04 17:30:00+00:00,2024-12-04 23:45:00+00:00,0.4,NY_PM,HIGH_VOL,ACTIVE,DOWNTREND,NY_PM|HIGH_VOL|DOWNTREND
AUDUSD_4_3.27.109_SELL_M15,AUDUSD,SELL,OOS,2024-12-09 15:00:00+00:00,2024-12-09 23:45:00+00:00,4.0,NEW_YORK,HIGH_VOL,ACTIVE,RANGE,NEW_YORK|HIGH_VOL|RANGE
AUDUSD_4_3.27.109_SELL_M15,AUDUSD,SELL,OOS,2024-12-11 15:45:00+00:00,2024-12-11 23:45:00+00:00,4.7,NEW_YORK,HIGH_VOL,ACTIVE,DOWNTREND,NEW_YORK|HIGH_VOL|DOWNTREND
AUDUSD_4_3.27.109_SELL_M15,AUDUSD,SELL,OOS,2024-12-12 02:00:00+00:00,2024-12-12 23:45:00+00:00,14.4,ASIA,HIGH_VOL,ACTIVE,RANGE,ASIA|HIGH_VOL|RANGE
AUDUSD_4_3.27.109_SELL_M15,AUDUSD,SELL,OOS,2024-12-13 14:45:00+00:00,2024-12-13 17:26:40+00:00,23.7,NEW_YORK,HIGH_VOL,NORMAL,DOWNTREND,NEW_YORK|HIGH_VOL|DOWNTREND
AUDUSD_4_3.27.109_SELL_M15,AUDUSD,SELL,OOS,2024-12-19 10:45:00+00:00,2024-12-19 23:45:00+00:00,6.3,LONDON,HIGH_VOL,ACTIVE,DOWNTREND,LONDON|HIGH_VOL|DOWNTREND
AUDUSD_4_3.27.109_SELL_M15,AUDUSD,SELL,OOS,2025-01-02 03:30:00+00:00,2025-01-02 23:45:00+00:00,3.4,ASIA,HIGH_VOL,ACTIVE,DOWNTREND,ASIA|HIGH_VOL|DOWNTREND
AUDUSD_4_3.27.109_SELL_M15,AUDUSD,SELL,OOS,2025-01-10 03:30:00+00:00,2025-01-10 08:54:40+00:00,15.6,ASIA,HIGH_VOL,NORMAL,DOWNTREND,ASIA|HIGH_VOL|DOWNTREND
AUDUSD_4_3.27.109_SELL_M15,AUDUSD,SELL,OOS,2025-01-14 03:45:00+00:00,2025-01-14 23:45:00+00:00,-6.3,ASIA,MID_VOL,NORMAL,RANGE,ASIA|MID_VOL|RANGE
AUDUSD_4_3.27.109_SELL_M15,AUDUSD,SELL,OOS,2025-01-15 10:00:00+00:00,2025-01-15 23:45:00+00:00,-25.5,LONDON,HIGH_VOL,NORMAL,RANGE,LONDON|HIGH_VOL|RANGE
AUDUSD_4_3.27.109_SELL_M15,AUDUSD,SELL,OOS,2025-01-16 02:00:00+00:00,2025-01-16 05:06:40+00:00,20.1,ASIA,HIGH_VOL,NORMAL,RANGE,ASIA|HIGH_VOL|RANGE
AUDUSD_4_3.27.109_SELL_M15,AUDUSD,SELL,OOS,2025-01-21 02:15:00+00:00,2025-01-21 02:50:40+00:00,34.2,ASIA,HIGH_VOL,ACTIVE,UPTREND,ASIA|HIGH_VOL|UPTREND
AUDUSD_4_3.27.109_SELL_M15,AUDUSD,SELL,OOS,2025-01-24 07:15:00+00:00,2025-01-24 23:45:00+00:00,0.7,LONDON,MID_VOL,NORMAL,UPTREND,LONDON|MID_VOL|UPTREND
AUDUSD_4_3.27.109_SELL_M15,AUDUSD,SELL,OOS,2025-02-05 09:30:00+00:00,2025-02-05 23:45:00+00:00,-18.0,LONDON,HIGH_VOL,NORMAL,RANGE,LONDON|HIGH_VOL|RANGE
AUDUSD_4_3.27.109_SELL_M15,AUDUSD,SELL,OOS,2025-02-14 11:15:00+00:00,2025-02-14 23:45:00+00:00,-18.3,LONDON,HIGH_VOL,NORMAL,UPTREND,LONDON|HIGH_VOL|UPTREND
AUDUSD_4_3.27.109_SELL_M15,AUDUSD,SELL,OOS,2025-02-17 03:30:00+00:00,2025-02-17 23:45:00+00:00,7.4,ASIA,HIGH_VOL,ACTIVE,UPTREND,ASIA|HIGH_VOL|UPTREND
AUDUSD_4_3.27.109_SELL_M15,AUDUSD,SELL,OOS,2025-02-20 17:30:00+00:00,2025-02-20 23:45:00+00:00,-10.6,NY_PM,HIGH_VOL,ACTIVE,UPTREND,NY_PM|HIGH_VOL|UPTREND
AUDUSD_4_3.27.109_SELL_M15,AUDUSD,SELL,OOS,2025-02-26 19:30:00+00:00,2025-02-26 21:12:20+00:00,26.3,NY_PM,HIGH_VOL,ACTIVE,DOWNTREND,NY_PM|HIGH_VOL|DOWNTREND
AUDUSD_4_3.27.109_SELL_M15,AUDUSD,SELL,OOS,2025-03-03 03:30:00+00:00,2025-03-03 23:45:00+00:00,0.7,ASIA,HIGH_VOL,ACTIVE,DOWNTREND,ASIA|HIGH_VOL|DOWNTREND
AUDUSD_4_3.27.109_SELL_M15,AUDUSD,SELL,OOS,2025-03-04 14:00:00+00:00,2025-03-04 16:59:40+00:00,28.8,NEW_YORK,HIGH_VOL,ACTIVE,DOWNTREND,NEW_YORK|HIGH_VOL|DOWNTREND
AUDUSD_4_3.27.109_SELL_M15,AUDUSD,SELL,OOS,2025-03-05 19:15:00+00:00,2025-03-05 23:45:00+00:00,-26.8,NY_PM,HIGH_VOL,ACTIVE,RANGE,NY_PM|HIGH_VOL|RANGE
AUDUSD_4_3.27.109_SELL_M15,AUDUSD,SELL,OOS,2025-03-06 03:45:00+00:00,2025-03-06 23:45:00+00:00,14.8,ASIA,HIGH_VOL,NORMAL,RANGE,ASIA|HIGH_VOL|RANGE
AUDUSD_4_3.27.109_SELL_M15,AUDUSD,SELL,OOS,2025-03-11 21:45:00+00:00,2025-03-11 23:45:00+00:00,10.8,NY_PM,HIGH_VOL,ACTIVE,RANGE,NY_PM|HIGH_VOL|RANGE
AUDUSD_4_3.27.109_SELL_M15,AUDUSD,SELL,OOS,2025-03-12 19:15:00+00:00,2025-03-12 23:45:00+00:00,-9.0,NY_PM,MID_VOL,NORMAL,RANGE,NY_PM|MID_VOL|RANGE
AUDUSD_4_3.27.109_SELL_M15,AUDUSD,SELL,OOS,2025-03-13 01:15:00+00:00,2025-03-13 09:05:40+00:00,22.3,ASIA,LOW_VOL,NORMAL,UPTREND,ASIA|LOW_VOL|UPTREND
AUDUSD_4_3.27.109_SELL_M15,AUDUSD,SELL,OOS,2025-03-17 04:45:00+00:00,2025-03-17 23:45:00+00:00,-48.8,ASIA,MID_VOL,NORMAL,UPTREND,ASIA|MID_VOL|UPTREND
AUDUSD_4_3.27.109_SELL_M15,AUDUSD,SELL,OOS,2025-03-19 21:45:00+00:00,2025-03-19 23:45:00+00:00,-2.2,NY_PM,HIGH_VOL,ACTIVE,UPTREND,NY_PM|HIGH_VOL|UPTREND
AUDUSD_4_3.27.109_SELL_M15,AUDUSD,SELL,OOS,2025-03-20 01:15:00+00:00,2025-03-20 03:30:40+00:00,24.0,ASIA,LOW_VOL,NORMAL,RANGE,ASIA|LOW_VOL|RANGE
AUDUSD_4_3.27.109_SELL_M15,AUDUSD,SELL,OOS,2025-03-24 03:15:00+00:00,2025-03-24 19:41:40+00:00,19.2,ASIA,MID_VOL,NORMAL,DOWNTREND,ASIA|MID_VOL|DOWNTREND
AUDUSD_4_3.27.109_SELL_M15,AUDUSD,SELL,OOS,2025-04-01 06:45:00+00:00,2025-04-01 23:45:00+00:00,-20.1,ASIA,HIGH_VOL,NORMAL,DOWNTREND,ASIA|HIGH_VOL|DOWNTREND
AUDUSD_4_3.27.109_SELL_M15,AUDUSD,SELL,OOS,2025-04-03 11:30:00+00:00,2025-04-03 16:16:40+00:00,-66.0,LONDON,HIGH_VOL,ACTIVE,RANGE,LONDON|HIGH_VOL|RANGE
AUDUSD_4_3.27.109_SELL_M15,AUDUSD,SELL,OOS,2025-04-07 16:00:00+00:00,2025-04-07 18:14:40+00:00,86.4,NEW_YORK,HIGH_VOL,ACTIVE,DOWNTREND,NEW_YORK|HIGH_VOL|DOWNTREND
AUDUSD_4_3.27.109_SELL_M15,AUDUSD,SELL,OOS,2025-04-08 10:15:00+00:00,2025-04-08 18:12:40+00:00,59.7,LONDON,HIGH_VOL,NORMAL,DOWNTREND,LONDON|HIGH_VOL|DOWNTREND
AUDUSD_4_3.27.109_SELL_M15,AUDUSD,SELL,OOS,2025-04-09 10:30:00+00:00,2025-04-09 20:20:40+00:00,-66.0,LONDON,HIGH_VOL,ACTIVE,DOWNTREND,LONDON|HIGH_VOL|DOWNTREND
AUDUSD_4_3.27.109_SELL_M15,AUDUSD,SELL,OOS,2025-04-10 07:00:00+00:00,2025-04-10 17:57:40+00:00,-66.0,LONDON,MID_VOL,NORMAL,RANGE,LONDON|MID_VOL|RANGE
AUDUSD_4_3.27.109_SELL_M15,AUDUSD,SELL,OOS,2025-04-11 16:00:00+00:00,2025-04-11 23:45:00+00:00,-30.6,NEW_YORK,HIGH_VOL,ACTIVE,RANGE,NEW_YORK|HIGH_VOL|RANGE
AUDUSD_4_3.27.109_SELL_M15,AUDUSD,SELL,OOS,2025-04-14 00:15:00+00:00,2025-04-14 23:45:00+00:00,-26.3,ASIA,MID_VOL,THIN,UPTREND,ASIA|MID_VOL|UPTREND
AUDUSD_4_3.27.109_SELL_M15,AUDUSD,SELL,OOS,2025-04-15 04:30:00+00:00,2025-04-15 23:45:00+00:00,-5.7,ASIA,MID_VOL,NORMAL,UPTREND,ASIA|MID_VOL|UPTREND
AUDUSD_4_3.27.109_SELL_M15,AUDUSD,SELL,OOS,2025-04-21 10:45:00+00:00,2025-04-21 23:45:00+00:00,13.6,LONDON,MID_VOL,NORMAL,UPTREND,LONDON|MID_VOL|UPTREND
AUDUSD_4_3.27.109_SELL_M15,AUDUSD,SELL,OOS,2025-04-23 04:30:00+00:00,2025-04-23 19:10:40+00:00,38.8,ASIA,MID_VOL,ACTIVE,UPTREND,ASIA|MID_VOL|UPTREND
AUDUSD_4_3.27.109_SELL_M15,AUDUSD,SELL,OOS,2025-04-29 05:15:00+00:00,2025-04-29 06:02:20+00:00,25.1,ASIA,HIGH_VOL,ACTIVE,UPTREND,ASIA|HIGH_VOL|UPTREND
AUDUSD_4_3.27.109_SELL_M15,AUDUSD,SELL,OOS,2025-05-08 05:00:00+00:00,2025-05-08 09:31:40+00:00,33.0,ASIA,MID_VOL,NORMAL,RANGE,ASIA|MID_VOL|RANGE
AUDUSD_4_3.27.109_SELL_M15,AUDUSD,SELL,OOS,2025-05-09 16:30:00+00:00,2025-05-09 23:45:00+00:00,10.0,NEW_YORK,HIGH_VOL,NORMAL,RANGE,NEW_YORK|HIGH_VOL|RANGE
AUDUSD_4_3.27.109_SELL_M15,AUDUSD,SELL,OOS,2025-05-12 01:15:00+00:00,2025-05-12 10:43:40+00:00,23.1,ASIA,HIGH_VOL,NORMAL,RANGE,ASIA|HIGH_VOL|RANGE
AUDUSD_4_3.27.109_SELL_M15,AUDUSD,SELL,OOS,2025-05-13 06:15:00+00:00,2025-05-13 17:46:40+00:00,-66.0,ASIA,HIGH_VOL,NORMAL,RANGE,ASIA|HIGH_VOL|RANGE
AUDUSD_4_3.27.109_SELL_M15,AUDUSD,SELL,OOS,2025-05-14 04:30:00+00:00,2025-05-14 17:01:20+00:00,23.5,ASIA,HIGH_VOL,ACTIVE,UPTREND,ASIA|HIGH_VOL|UPTREND
AUDUSD_4_3.27.109_SELL_M15,AUDUSD,SELL,OOS,2025-05-15 05:00:00+00:00,2025-05-15 08:41:40+00:00,26.9,ASIA,HIGH_VOL,NORMAL,RANGE,ASIA|HIGH_VOL|RANGE
AUDUSD_4_3.27.109_SELL_M15,AUDUSD,SELL,OOS,2025-05-16 06:00:00+00:00,2025-05-16 18:09:40+00:00,24.2,ASIA,MID_VOL,NORMAL,RANGE,ASIA|MID_VOL|RANGE
AUDUSD_4_3.27.109_SELL_M15,AUDUSD,SELL,OOS,2025-05-21 03:30:00+00:00,2025-05-21 23:45:00+00:00,-2.3,ASIA,HIGH_VOL,NORMAL,UPTREND,ASIA|HIGH_VOL|UPTREND
AUDUSD_4_3.27.109_SELL_M15,AUDUSD,SELL,OOS,2025-05-26 02:45:00+00:00,2025-05-26 23:45:00+00:00,16.6,ASIA,LOW_VOL,NORMAL,UPTREND,ASIA|LOW_VOL|UPTREND
AUDUSD_4_3.27.109_SELL_M15,AUDUSD,SELL,OOS,2025-05-29 10:45:00+00:00,2025-05-29 23:45:00+00:00,0.5,LONDON,HIGH_VOL,ACTIVE,DOWNTREND,LONDON|HIGH_VOL|DOWNTREND
AUDUSD_4_3.27.109_SELL_M15,AUDUSD,SELL,OOS,2025-06-02 12:30:00+00:00,2025-06-02 23:45:00+00:00,-17.1,LONDON,LOW_VOL,NORMAL,UPTREND,LONDON|LOW_VOL|UPTREND
AUDUSD_4_3.27.109_SELL_M15,AUDUSD,SELL,OOS,2025-06-05 13:30:00+00:00,2025-06-05 23:45:00+00:00,3.9,NEW_YORK,LOW_VOL,NORMAL,UPTREND,NEW_YORK|LOW_VOL|UPTREND
AUDUSD_4_3.27.109_SELL_M15,AUDUSD,SELL,OOS,2025-06-09 13:15:00+00:00,2025-06-09 16:04:40+00:00,19.6,NEW_YORK,MID_VOL,NORMAL,UPTREND,NEW_YORK|MID_VOL|UPTREND
AUDUSD_4_3.27.109_SELL_M15,AUDUSD,SELL,OOS,2025-06-13 18:30:00+00:00,2025-06-13 23:45:00+00:00,17.2,NY_PM,HIGH_VOL,NORMAL,RANGE,NY_PM|HIGH_VOL|RANGE
AUDUSD_4_3.27.109_SELL_M15,AUDUSD,SELL,OOS,2025-06-16 10:30:00+00:00,2025-06-16 23:45:00+00:00,-14.9,LONDON,HIGH_VOL,NORMAL,RANGE,LONDON|HIGH_VOL|RANGE
AUDUSD_4_3.27.109_SELL_M15,AUDUSD,SELL,OOS,2025-06-18 08:00:00+00:00,2025-06-18 23:45:00+00:00,-6.9,LONDON,LOW_VOL,NORMAL,RANGE,LONDON|LOW_VOL|RANGE
AUDUSD_4_3.27.109_SELL_M15,AUDUSD,SELL,OOS,2025-06-23 17:15:00+00:00,2025-06-23 23:45:00+00:00,-37.7,NY_PM,HIGH_VOL,ACTIVE,DOWNTREND,NY_PM|HIGH_VOL|DOWNTREND
AUDUSD_4_3.27.109_SELL_M15,AUDUSD,SELL,OOS,2025-06-24 00:30:00+00:00,2025-06-24 23:45:00+00:00,-34.2,ASIA,LOW_VOL,THIN,RANGE,ASIA|LOW_VOL|RANGE
AUDUSD_4_3.27.109_SELL_M15,AUDUSD,SELL,OOS,2025-06-26 02:15:00+00:00,2025-06-26 23:45:00+00:00,-30.2,ASIA,MID_VOL,NORMAL,UPTREND,ASIA|MID_VOL|UPTREND
AUDUSD_4_3.27.109_SELL_M15,AUDUSD,SELL,OOS,2025-07-01 01:15:00+00:00,2025-07-01 04:36:40+00:00,20.6,ASIA,LOW_VOL,NORMAL,UPTREND,ASIA|LOW_VOL|UPTREND
AUDUSD_4_3.27.109_SELL_M15,AUDUSD,SELL,OOS,2025-07-08 03:15:00+00:00,2025-07-08 23:45:00+00:00,-18.9,ASIA,MID_VOL,NORMAL,DOWNTREND,ASIA|MID_VOL|DOWNTREND
AUDUSD_4_3.27.109_SELL_M15,AUDUSD,SELL,OOS,2025-07-10 19:15:00+00:00,2025-07-10 23:45:00+00:00,-19.3,NY_PM,MID_VOL,NORMAL,UPTREND,NY_PM|MID_VOL|UPTREND
AUDUSD_4_3.27.109_SELL_M15,AUDUSD,SELL,OOS,2025-07-11 01:15:00+00:00,2025-07-11 03:20:20+00:00,20.8,ASIA,HIGH_VOL,NORMAL,UPTREND,ASIA|HIGH_VOL|UPTREND
AUDUSD_4_3.27.109_SELL_M15,AUDUSD,SELL,OOS,2025-07-16 03:45:00+00:00,2025-07-16 16:39:40+00:00,19.2,ASIA,HIGH_VOL,NORMAL,RANGE,ASIA|HIGH_VOL|RANGE
AUDUSD_4_3.27.109_SELL_M15,AUDUSD,SELL,OOS,2025-07-18 01:45:00+00:00,2025-07-18 23:45:00+00:00,-13.5,ASIA,HIGH_VOL,NORMAL,DOWNTREND,ASIA|HIGH_VOL|DOWNTREND
AUDUSD_4_3.27.109_SELL_M15,AUDUSD,SELL,OOS,2025-07-23 02:15:00+00:00,2025-07-23 23:45:00+00:00,-45.8,ASIA,MID_VOL,NORMAL,RANGE,ASIA|MID_VOL|RANGE
AUDUSD_4_3.27.109_SELL_M15,AUDUSD,SELL,OOS,2025-07-24 04:30:00+00:00,2025-07-24 23:11:40+00:00,17.9,ASIA,HIGH_VOL,ACTIVE,UPTREND,ASIA|HIGH_VOL|UPTREND
AUDUSD_4_3.27.109_SELL_M15,AUDUSD,SELL,OOS,2025-07-28 02:30:00+00:00,2025-07-28 09:20:40+00:00,16.3,ASIA,LOW_VOL,NORMAL,RANGE,ASIA|LOW_VOL|RANGE
AUDUSD_4_3.27.109_SELL_M15,AUDUSD,SELL,OOS,2025-07-30 03:45:00+00:00,2025-07-30 04:30:40+00:00,15.4,ASIA,HIGH_VOL,NORMAL,DOWNTREND,ASIA|HIGH_VOL|DOWNTREND
AUDUSD_4_3.27.109_SELL_M15,AUDUSD,SELL,OOS,2025-07-31 08:00:00+00:00,2025-07-31 13:29:40+00:00,24.2,LONDON,LOW_VOL,NORMAL,DOWNTREND,LONDON|LOW_VOL|DOWNTREND
AUDUSD_4_3.27.109_SELL_M15,AUDUSD,SELL,OOS,2025-08-01 15:45:00+00:00,2025-08-01 20:13:40+00:00,33.3,NEW_YORK,HIGH_VOL,ACTIVE,RANGE,NEW_YORK|HIGH_VOL|RANGE
AUDUSD_4_3.27.109_SELL_M15,AUDUSD,SELL,OOS,2025-08-04 05:00:00+00:00,2025-08-04 23:45:00+00:00,14.9,ASIA,MID_VOL,NORMAL,RANGE,ASIA|MID_VOL|RANGE
AUDUSD_4_3.27.109_SELL_M15,AUDUSD,SELL,OOS,2025-08-07 11:45:00+00:00,2025-08-07 17:08:40+00:00,20.9,LONDON,HIGH_VOL,ACTIVE,RANGE,LONDON|HIGH_VOL|RANGE
AUDUSD_4_3.27.109_SELL_M15,AUDUSD,SELL,OOS,2025-08-12 03:45:00+00:00,2025-08-12 07:30:40+00:00,13.3,ASIA,MID_VOL,ACTIVE,UPTREND,ASIA|MID_VOL|UPTREND
AUDUSD_4_3.27.109_SELL_M15,AUDUSD,SELL,OOS,2025-08-14 04:15:00+00:00,2025-08-14 09:52:40+00:00,14.4,ASIA,HIGH_VOL,NORMAL,UPTREND,ASIA|HIGH_VOL|UPTREND
AUDUSD_4_3.27.109_SELL_M15,AUDUSD,SELL,OOS,2025-08-15 10:30:00+00:00,2025-08-15 23:45:00+00:00,0.6000000000000001,LONDON,MID_VOL,NORMAL,RANGE,LONDON|MID_VOL|RANGE
AUDUSD_4_3.27.109_SELL_M15,AUDUSD,SELL,OOS,2025-08-25 09:15:00+00:00,2025-08-25 22:04:40+00:00,18.6,LONDON,HIGH_VOL,NORMAL,RANGE,LONDON|HIGH_VOL|RANGE
AUDUSD_4_3.27.109_SELL_M15,AUDUSD,SELL,OOS,2025-08-28 03:00:00+00:00,2025-08-28 23:45:00+00:00,-20.2,ASIA,LOW_VOL,NORMAL,UPTREND,ASIA|LOW_VOL|UPTREND
AUDUSD_4_3.27.109_SELL_M15,AUDUSD,SELL,OOS,2025-08-29 04:15:00+00:00,2025-08-29 23:45:00+00:00,-5.9,ASIA,HIGH_VOL,ACTIVE,UPTREND,ASIA|HIGH_VOL|UPTREND
AUDUSD_4_3.27.109_SELL_M15,AUDUSD,SELL,OOS,2025-09-03 12:45:00+00:00,2025-09-03 23:45:00+00:00,-13.3,LONDON,HIGH_VOL,NORMAL,RANGE,LONDON|HIGH_VOL|RANGE
AUDUSD_4_3.27.109_SELL_M15,AUDUSD,SELL,OOS,2025-09-05 04:00:00+00:00,2025-09-05 23:45:00+00:00,-32.1,ASIA,LOW_VOL,NORMAL,UPTREND,ASIA|LOW_VOL|UPTREND
AUDUSD_4_3.27.109_SELL_M15,AUDUSD,SELL,OOS,2025-09-08 12:45:00+00:00,2025-09-08 23:45:00+00:00,-10.5,LONDON,LOW_VOL,NORMAL,UPTREND,LONDON|LOW_VOL|UPTREND
AUDUSD_4_3.27.109_SELL_M15,AUDUSD,SELL,OOS,2025-09-09 03:30:00+00:00,2025-09-09 18:16:40+00:00,12.9,ASIA,LOW_VOL,NORMAL,UPTREND,ASIA|LOW_VOL|UPTREND
AUDUSD_4_3.27.109_SELL_M15,AUDUSD,SELL,OOS,2025-09-10 16:45:00+00:00,2025-09-10 23:45:00+00:00,7.5,NEW_YORK,HIGH_VOL,ACTIVE,UPTREND,NEW_YORK|HIGH_VOL|UPTREND
AUDUSD_4_3.27.109_SELL_M15,AUDUSD,SELL,OOS,2025-09-12 03:00:00+00:00,2025-09-12 11:16:40+00:00,14.9,ASIA,HIGH_VOL,NORMAL,UPTREND,ASIA|HIGH_VOL|UPTREND
AUDUSD_4_3.27.109_SELL_M15,AUDUSD,SELL,OOS,2025-09-25 04:00:00+00:00,2025-09-25 15:30:40+00:00,15.1,ASIA,HIGH_VOL,NORMAL,RANGE,ASIA|HIGH_VOL|RANGE
AUDUSD_4_3.27.109_SELL_M15,AUDUSD,SELL,OOS,2025-09-29 03:45:00+00:00,2025-09-29 23:45:00+00:00,-21.5,ASIA,MID_VOL,NORMAL,DOWNTREND,ASIA|MID_VOL|DOWNTREND
AUDUSD_4_3.27.109_SELL_M15,AUDUSD,SELL,OOS,2025-09-30 04:15:00+00:00,2025-09-30 23:45:00+00:00,-28.8,ASIA,HIGH_VOL,ACTIVE,RANGE,ASIA|HIGH_VOL|RANGE
AUDUSD_4_3.27.109_SELL_M15,AUDUSD,SELL,OOS,2025-10-08 16:15:00+00:00,2025-10-08 23:45:00+00:00,-3.7,NEW_YORK,MID_VOL,ACTIVE,DOWNTREND,NEW_YORK|MID_VOL|DOWNTREND
AUDUSD_4_3.27.109_SELL_M15,AUDUSD,SELL,OOS,2025-10-09 07:00:00+00:00,2025-10-09 09:41:40+00:00,16.1,LONDON,HIGH_VOL,NORMAL,RANGE,LONDON|HIGH_VOL|RANGE
AUDUSD_4_3.27.109_SELL_M15,AUDUSD,SELL,OOS,2025-10-10 05:30:00+00:00,2025-10-10 09:48:40+00:00,18.8,ASIA,MID_VOL,NORMAL,DOWNTREND,ASIA|MID_VOL|DOWNTREND
AUDUSD_4_3.27.109_SELL_M15,AUDUSD,SELL,OOS,2025-10-13 04:45:00+00:00,2025-10-13 23:45:00+00:00,13.5,ASIA,HIGH_VOL,NORMAL,DOWNTREND,ASIA|HIGH_VOL|DOWNTREND
AUDUSD_4_3.27.109_SELL_M15,AUDUSD,SELL,OOS,2025-10-14 18:00:00+00:00,2025-10-14 23:45:00+00:00,0.0,NY_PM,HIGH_VOL,ACTIVE,DOWNTREND,NY_PM|HIGH_VOL|DOWNTREND
AUDUSD_4_3.27.109_SELL_M15,AUDUSD,SELL,OOS,2025-10-15 04:30:00+00:00,2025-10-15 23:45:00+00:00,-9.9,ASIA,HIGH_VOL,ACTIVE,RANGE,ASIA|HIGH_VOL|RANGE
AUDUSD_4_3.27.109_SELL_M15,AUDUSD,SELL,OOS,2025-10-17 14:15:00+00:00,2025-10-17 23:45:00+00:00,0.5,NEW_YORK,HIGH_VOL,ACTIVE,DOWNTREND,NEW_YORK|HIGH_VOL|DOWNTREND
AUDUSD_4_3.27.109_SELL_M15,AUDUSD,SELL,OOS,2025-10-20 02:00:00+00:00,2025-10-20 23:45:00+00:00,-9.5,ASIA,MID_VOL,NORMAL,RANGE,ASIA|MID_VOL|RANGE
AUDUSD_4_3.27.109_SELL_M15,AUDUSD,SELL,OOS,2025-10-27 03:30:00+00:00,2025-10-27 23:45:00+00:00,-20.7,ASIA,MID_VOL,NORMAL,RANGE,ASIA|MID_VOL|RANGE
AUDUSD_4_3.27.109_SELL_M15,AUDUSD,SELL,OOS,2025-10-28 17:15:00+00:00,2025-10-28 23:45:00+00:00,-20.0,NY_PM,HIGH_VOL,ACTIVE,UPTREND,NY_PM|HIGH_VOL|UPTREND
AUDUSD_4_3.27.109_SELL_M15,AUDUSD,SELL,OOS,2025-10-29 03:45:00+00:00,2025-10-29 21:36:40+00:00,19.6,ASIA,HIGH_VOL,ACTIVE,UPTREND,ASIA|HIGH_VOL|UPTREND
AUDUSD_4_3.27.109_SELL_M15,AUDUSD,SELL,OOS,2025-11-05 17:00:00+00:00,2025-11-05 23:45:00+00:00,-11.3,NY_PM,HIGH_VOL,ACTIVE,DOWNTREND,NY_PM|HIGH_VOL|DOWNTREND
AUDUSD_4_3.27.109_SELL_M15,AUDUSD,SELL,OOS,2025-11-06 06:15:00+00:00,2025-11-06 16:11:20+00:00,17.8,ASIA,MID_VOL,NORMAL,DOWNTREND,ASIA|MID_VOL|DOWNTREND
AUDUSD_4_3.27.109_SELL_M15,AUDUSD,SELL,OOS,2025-11-10 09:15:00+00:00,2025-11-10 23:45:00+00:00,-10.1,LONDON,MID_VOL,NORMAL,RANGE,LONDON|MID_VOL|RANGE
AUDUSD_4_3.27.109_SELL_M15,AUDUSD,SELL,OOS,2025-11-13 02:45:00+00:00,2025-11-13 20:31:40+00:00,20.4,ASIA,HIGH_VOL,ACTIVE,UPTREND,ASIA|HIGH_VOL|UPTREND
AUDUSD_4_3.27.109_SELL_M15,AUDUSD,SELL,OOS,2025-11-14 04:15:00+00:00,2025-11-14 09:11:40+00:00,20.7,ASIA,HIGH_VOL,NORMAL,UPTREND,ASIA|HIGH_VOL|UPTREND
AUDUSD_4_3.27.109_SELL_M15,AUDUSD,SELL,OOS,2025-11-17 09:45:00+00:00,2025-11-17 12:50:40+00:00,17.0,LONDON,HIGH_VOL,NORMAL,RANGE,LONDON|HIGH_VOL|RANGE
AUDUSD_4_3.27.109_SELL_M15,AUDUSD,SELL,OOS,2025-11-18 13:45:00+00:00,2025-11-18 23:45:00+00:00,-5.6,NEW_YORK,LOW_VOL,NORMAL,DOWNTREND,NEW_YORK|LOW_VOL|DOWNTREND
AUDUSD_4_3.27.109_SELL_M15,AUDUSD,SELL,OOS,2025-11-20 02:00:00+00:00,2025-11-20 18:15:40+00:00,22.4,ASIA,MID_VOL,NORMAL,DOWNTREND,ASIA|MID_VOL|DOWNTREND
AUDUSD_4_3.27.109_SELL_M15,AUDUSD,SELL,OOS,2025-11-24 01:15:00+00:00,2025-11-24 23:45:00+00:00,-0.2,ASIA,MID_VOL,NORMAL,DOWNTREND,ASIA|MID_VOL|DOWNTREND
AUDUSD_4_3.27.109_SELL_M15,AUDUSD,SELL,OOS,2025-11-26 09:15:00+00:00,2025-11-26 14:37:20+00:00,21.3,LONDON,HIGH_VOL,ACTIVE,RANGE,LONDON|HIGH_VOL|RANGE
AUDUSD_4_3.27.109_SELL_M15,AUDUSD,SELL,OOS,2025-11-27 01:45:00+00:00,2025-11-27 23:45:00+00:00,-8.8,ASIA,HIGH_VOL,NORMAL,UPTREND,ASIA|HIGH_VOL|UPTREND
AUDUSD_4_3.27.109_SELL_M15,AUDUSD,SELL,OOS,2025-11-28 02:15:00+00:00,2025-11-28 07:30:40+00:00,9.2,ASIA,LOW_VOL,ACTIVE,UPTREND,ASIA|LOW_VOL|UPTREND
AUDUSD_4_3.27.109_SELL_M15,AUDUSD,SELL,OOS,2025-12-01 15:00:00+00:00,2025-12-01 23:45:00+00:00,20.1,NEW_YORK,MID_VOL,NORMAL,UPTREND,NEW_YORK|MID_VOL|UPTREND
AUDUSD_4_3.27.109_SELL_M15,AUDUSD,SELL,OOS,2025-12-05 13:00:00+00:00,2025-12-05 23:45:00+00:00,-4.4,NEW_YORK,HIGH_VOL,NORMAL,UPTREND,NEW_YORK|HIGH_VOL|UPTREND
AUDUSD_4_3.27.109_SELL_M15,AUDUSD,SELL,OOS,2025-12-08 05:00:00+00:00,2025-12-08 16:59:40+00:00,17.1,ASIA,MID_VOL,NORMAL,UPTREND,ASIA|MID_VOL|UPTREND
AUDUSD_4_3.27.109_SELL_M15,AUDUSD,SELL,OOS,2025-12-16 16:30:00+00:00,2025-12-16 20:22:40+00:00,26.0,NEW_YORK,HIGH_VOL,ACTIVE,RANGE,NEW_YORK|HIGH_VOL|RANGE
AUDUSD_4_3.27.109_SELL_M15,AUDUSD,SELL,OOS,2025-12-18 09:45:00+00:00,2025-12-18 23:45:00+00:00,-1.0,LONDON,LOW_VOL,NORMAL,DOWNTREND,LONDON|LOW_VOL|DOWNTREND
AUDUSD_4_3.27.109_SELL_M15,AUDUSD,SELL,OOS,2025-12-23 02:15:00+00:00,2025-12-23 23:45:00+00:00,-40.7,ASIA,HIGH_VOL,NORMAL,UPTREND,ASIA|HIGH_VOL|UPTREND
AUDUSD_4_3.27.109_SELL_M15,AUDUSD,SELL,OOS,2025-12-24 03:45:00+00:00,2025-12-24 23:45:00+00:00,-0.7,ASIA,HIGH_VOL,NORMAL,UPTREND,ASIA|HIGH_VOL|UPTREND
AUDUSD_4_3.27.109_SELL_M15,AUDUSD,SELL,OOS,2025-12-26 02:30:00+00:00,2025-12-26 11:38:40+00:00,14.6,ASIA,HIGH_VOL,NORMAL,UPTREND,ASIA|HIGH_VOL|UPTREND
AUDUSD_4_3.27.109_SELL_M15,AUDUSD,SELL,OOS,2026-01-02 03:00:00+00:00,2026-01-02 23:45:00+00:00,-8.5,ASIA,HIGH_VOL,NORMAL,RANGE,ASIA|HIGH_VOL|RANGE
AUDUSD_4_3.27.109_SELL_M15,AUDUSD,SELL,OOS,2026-01-09 15:45:00+00:00,2026-01-09 16:27:40+00:00,22.6,NEW_YORK,HIGH_VOL,ACTIVE,RANGE,NEW_YORK|HIGH_VOL|RANGE
AUDUSD_4_3.27.109_SELL_M15,AUDUSD,SELL,OOS,2026-01-12 02:45:00+00:00,2026-01-12 23:45:00+00:00,-14.1,ASIA,HIGH_VOL,ACTIVE,RANGE,ASIA|HIGH_VOL|RANGE
AUDUSD_4_3.27.109_SELL_M15,AUDUSD,SELL,OOS,2026-01-20 09:30:00+00:00,2026-01-20 23:45:00+00:00,-0.9,LONDON,HIGH_VOL,ACTIVE,UPTREND,LONDON|HIGH_VOL|UPTREND
AUDUSD_4_3.27.109_SELL_M15,AUDUSD,SELL,OOS,2026-01-21 14:15:00+00:00,2026-01-21 23:45:00+00:00,-5.4,NEW_YORK,HIGH_VOL,NORMAL,UPTREND,NEW_YORK|HIGH_VOL|UPTREND
AUDUSD_4_3.27.109_SELL_M15,AUDUSD,SELL,OOS,2026-01-22 02:45:00+00:00,2026-01-22 23:45:00+00:00,-59.2,ASIA,HIGH_VOL,NORMAL,UPTREND,ASIA|HIGH_VOL|UPTREND
AUDUSD_4_3.27.109_SELL_M15,AUDUSD,SELL,OOS,2026-01-23 02:45:00+00:00,2026-01-23 23:45:00+00:00,-53.7,ASIA,MID_VOL,NORMAL,UPTREND,ASIA|MID_VOL|UPTREND
AUDUSD_4_3.27.109_SELL_M15,AUDUSD,SELL,OOS,2026-01-26 03:45:00+00:00,2026-01-26 23:45:00+00:00,2.9,ASIA,HIGH_VOL,ACTIVE,UPTREND,ASIA|HIGH_VOL|UPTREND
AUDUSD_4_3.27.109_SELL_M15,AUDUSD,SELL,OOS,2026-01-27 14:15:00+00:00,2026-01-27 22:48:40+00:00,-66.0,NEW_YORK,HIGH_VOL,ACTIVE,UPTREND,NEW_YORK|HIGH_VOL|UPTREND
AUDUSD_4_3.27.109_SELL_M15,AUDUSD,SELL,OOS,2026-01-28 09:15:00+00:00,2026-01-28 17:08:40+00:00,34.3,LONDON,HIGH_VOL,ACTIVE,UPTREND,LONDON|HIGH_VOL|UPTREND
AUDUSD_4_3.27.109_SELL_M15,AUDUSD,SELL,OOS,2026-01-29 00:45:00+00:00,2026-01-29 17:17:40+00:00,40.1,ASIA,HIGH_VOL,THIN,UPTREND,ASIA|HIGH_VOL|UPTREND
AUDUSD_4_3.27.109_SELL_M15,AUDUSD,SELL,OOS,2026-02-03 02:30:00+00:00,2026-02-03 06:04:20+00:00,-66.0,ASIA,MID_VOL,NORMAL,RANGE,ASIA|MID_VOL|RANGE
AUDUSD_4_3.27.109_SELL_M15,AUDUSD,SELL,OOS,2026-02-06 08:15:00+00:00,2026-02-06 23:45:00+00:00,-59.1,LONDON,LOW_VOL,NORMAL,RANGE,LONDON|LOW_VOL|RANGE
AUDUSD_4_3.27.109_SELL_M15,AUDUSD,SELL,OOS,2026-02-09 01:45:00+00:00,2026-02-09 21:30:40+00:00,-66.0,ASIA,HIGH_VOL,NORMAL,RANGE,ASIA|HIGH_VOL|RANGE
AUDUSD_4_3.27.109_SELL_M15,AUDUSD,SELL,OOS,2026-02-10 16:30:00+00:00,2026-02-10 23:45:00+00:00,13.5,NEW_YORK,HIGH_VOL,ACTIVE,UPTREND,NEW_YORK|HIGH_VOL|UPTREND
AUDUSD_4_3.27.109_SELL_M15,AUDUSD,SELL,OOS,2026-02-11 12:45:00+00:00,2026-02-11 15:30:40+00:00,27.3,LONDON,MID_VOL,NORMAL,UPTREND,LONDON|MID_VOL|UPTREND
AUDUSD_4_3.27.109_SELL_M15,AUDUSD,SELL,OOS,2026-02-17 20:45:00+00:00,2026-02-17 23:45:00+00:00,-0.5,NY_PM,HIGH_VOL,ACTIVE,RANGE,NY_PM|HIGH_VOL|RANGE
AUDUSD_4_3.27.109_SELL_M15,AUDUSD,SELL,OOS,2026-02-25 21:00:00+00:00,2026-02-25 23:45:00+00:00,-7.4,NY_PM,LOW_VOL,NORMAL,UPTREND,NY_PM|LOW_VOL|UPTREND
AUDUSD_4_3.27.109_SELL_M15,AUDUSD,SELL,OOS,2026-02-26 03:00:00+00:00,2026-02-26 10:40:40+00:00,17.0,ASIA,MID_VOL,ACTIVE,UPTREND,ASIA|MID_VOL|UPTREND
AUDUSD_4_3.27.109_SELL_M15,AUDUSD,SELL,OOS,2026-02-27 05:00:00+00:00,2026-02-27 15:37:40+00:00,24.3,ASIA,LOW_VOL,NORMAL,UPTREND,ASIA|LOW_VOL|UPTREND
AUDUSD_4_3.27.109_SELL_M15,AUDUSD,SELL,OOS,2026-03-04 09:45:00+00:00,2026-03-04 23:45:00+00:00,-37.8,LONDON,HIGH_VOL,NORMAL,DOWNTREND,LONDON|HIGH_VOL|DOWNTREND
