strategy_id,symbol_mode,side_mode,side_mix,trade_count,buy_trade_count,sell_trade_count,session_preferred_regimes,session_forbidden_regimes,session_regime_dependency_score,session_regime_confidence,volatility_preferred_regimes,volatility_forbidden_regimes,volatility_regime_dependency_score,volatility_regime_confidence,trend_preferred_regimes,trend_forbidden_regimes,trend_regime_dependency_score,trend_regime_confidence,composite_preferred_regimes,composite_forbidden_regimes,composite_regime_dependency_score,composite_regime_confidence
AUDJPY_1_3.14.146_BUY_M15,AUDJPY,,UNKNOWN,655,0,0,NEW_YORK,LONDON|NY_PM,0.6991451834810655,1.0,,HIGH_VOL,0.5809223906055239,1.0,,DOWNTREND,0.5495532877760343,1.0,ASIA|LOW_VOL|RANGE,LONDON|HIGH_VOL|RANGE,0.1343353442895777,0.5975609756097561
AUDJPY_2_5.20.109_BUY_M15,AUDJPY,,UNKNOWN,664,0,0,ASIA|NEW_YORK,LONDON|NY_PM,0.8232601546529197,1.0,HIGH_VOL|LOW_VOL|UNKNOWN,,0.4659977703455965,1.0,UNKNOWN|UPTREND,RANGE,0.6315102787271885,1.0,ASIA|HIGH_VOL|RANGE|ASIA|HIGH_VOL|UPTREND|ASIA|LOW_VOL|RANGE|ASIA|MID_VOL|UPTREND|ASIA|UNKNOWN|UNKNOWN|LONDON|HIGH_VOL|DOWNTREND|LONDON|UNKNOWN|UNKNOWN|NEW_YORK|HIGH_VOL|UPTREND,ASIA|MID_VOL|DOWNTREND|ASIA|MID_VOL|RANGE|LONDON|HIGH_VOL|RANGE|LONDON|HIGH_VOL|UPTREND|LONDON|MID_VOL|RANGE|NY_PM|HIGH_VOL|RANGE,0.16245246018540527,0.7
AUDJPY_3_3.19_BUY_M15,AUDJPY,BUY,BUY,621,621,0,ASIA|NEW_YORK|OFF_HOURS,NY_PM,0.8169946453039232,1.0,HIGH_VOL|LOW_VOL|MID_VOL|UNKNOWN,,0.47216377222268985,1.0,DOWNTREND|RANGE|UNKNOWN|UPTREND,,0.5419109876647121,1.0,ASIA|HIGH_VOL|DOWNTREND|ASIA|HIGH_VOL|RANGE|ASIA|HIGH_VOL|UPTREND|ASIA|LOW_VOL|UPTREND|ASIA|MID_VOL|RANGE|ASIA|MID_VOL|UPTREND|ASIA|UNKNOWN|UNKNOWN|NEW_YORK|HIGH_VOL|UPTREND|NY_PM|MID_VOL|UPTREND,NY_PM|HIGH_VOL|DOWNTREND|NY_PM|HIGH_VOL|UPTREND|NY_PM|MID_VOL|RANGE,0.1370866087594252,0.6891891891891893
AUDJPY_46_3.50.181_BUY_M15,AUDJPY,,UNKNOWN,572,0,0,LONDON|NY_PM,NEW_YORK,0.49509927774244417,1.0,HIGH_VOL,MID_VOL,0.8758025525720673,1.0,UPTREND,,0.60399701258852,1.0,ASIA|HIGH_VOL|RANGE|ASIA|HIGH_VOL|UPTREND|ASIA|LOW_VOL|RANGE|LONDON|HIGH_VOL|RANGE|LONDON|HIGH_VOL|UPTREND|LONDON|MID_VOL|UPTREND|LONDON|UNKNOWN|UNKNOWN|NEW_YORK|HIGH_VOL|UPTREND,ASIA|HIGH_VOL|DOWNTREND|ASIA|LOW_VOL|UPTREND|ASIA|MID_VOL|RANGE|ASIA|MID_VOL|UPTREND|LONDON|HIGH_VOL|DOWNTREND|LONDON|MID_VOL|RANGE|NEW_YORK|UNKNOWN|UNKNOWN,0.16167937194220044,0.7368421052631579
AUDJPY_47_6.30.171_BOTH_M15,AUDJPY,,UNKNOWN,650,0,0,LONDON|NEW_YORK,,0.6719993470187324,0.875,MID_VOL,HIGH_VOL,0.7187385839676945,1.0,UPTREND,DOWNTREND,0.6858854989453618,1.0,ASIA|HIGH_VOL|UPTREND|ASIA|LOW_VOL|RANGE|ASIA|MID_VOL|RANGE|LONDON|HIGH_VOL|UPTREND|LONDON|LOW_VOL|UPTREND|LONDON|MID_VOL|RANGE|LONDON|MID_VOL|UPTREND|LONDON|UNKNOWN|UNKNOWN|NEW_YORK|HIGH_VOL|UPTREND,ASIA|HIGH_VOL|RANGE|ASIA|MID_VOL|UPTREND|ASIA|UNKNOWN|UNKNOWN,0.12980397356847664,0.7258064516129032
AUDJPY_56_1.14.109_BUY_M15,AUDJPY,,UNKNOWN,684,0,0,ASIA,LONDON|NEW_YORK|NY_PM,1.0,1.0,LOW_VOL|MID_VOL,UNKNOWN,0.4282850889610944,1.0,UPTREND,UNKNOWN,0.7325815545710834,1.0,ASIA|HIGH_VOL|UPTREND|ASIA|LOW_VOL|UPTREND|ASIA|MID_VOL|RANGE|ASIA|MID_VOL|UPTREND|LONDON|HIGH_VOL|RANGE|NEW_YORK|HIGH_VOL|UPTREND|NEW_YORK|MID_VOL|RANGE,ASIA|HIGH_VOL|RANGE|LONDON|MID_VOL|RANGE|NEW_YORK|HIGH_VOL|RANGE|NEW_YORK|MID_VOL|UPTREND|NEW_YORK|UNKNOWN|UNKNOWN,0.2549673289771969,0.6794871794871795
AUDJPY_78_3.7.108_BUY_M15,AUDJPY,BUY,BUY,622,622,0,ASIA|NEW_YORK|OFF_HOURS,NY_PM,0.8214662068795847,1.0,HIGH_VOL|LOW_VOL|MID_VOL|UNKNOWN,,0.47760270451039905,1.0,DOWNTREND|RANGE|UNKNOWN|UPTREND,,0.5433818209945355,1.0,ASIA|HIGH_VOL|DOWNTREND|ASIA|HIGH_VOL|RANGE|ASIA|HIGH_VOL|UPTREND|ASIA|LOW_VOL|UPTREND|ASIA|MID_VOL|RANGE|ASIA|MID_VOL|UPTREND|ASIA|UNKNOWN|UNKNOWN|NEW_YORK|HIGH_VOL|UPTREND|NY_PM|MID_VOL|UPTREND,NY_PM|HIGH_VOL|DOWNTREND|NY_PM|HIGH_VOL|UPTREND|NY_PM|MID_VOL|RANGE,0.13226918437239735,0.6891891891891893
AUDUSD_48_5.8.189_SELL_M15,AUDUSD,,UNKNOWN,839,0,0,LONDON|NEW_YORK,,0.5604006083885438,1.0,HIGH_VOL|LOW_VOL,UNKNOWN,0.5149135777290572,1.0,DOWNTREND,UNKNOWN,0.5899601013776317,1.0,ASIA|HIGH_VOL|DOWNTREND|ASIA|HIGH_VOL|UPTREND|ASIA|LOW_VOL|DOWNTREND|ASIA|MID_VOL|DOWNTREND|LONDON|HIGH_VOL|DOWNTREND|LONDON|HIGH_VOL|RANGE|LONDON|LOW_VOL|RANGE|LONDON|MID_VOL|DOWNTREND|LONDON|MID_VOL|RANGE,ASIA|HIGH_VOL|RANGE|ASIA|LOW_VOL|RANGE|ASIA|MID_VOL|RANGE|ASIA|MID_VOL|UPTREND|LONDON|HIGH_VOL|UPTREND|LONDON|LOW_VOL|DOWNTREND|LONDON|LOW_VOL|UPTREND|LONDON|MID_VOL|UPTREND|LONDON|UNKNOWN|UNKNOWN,0.1794725492956703,0.8225806451612903
AUDUSD_4_3.27.109_SELL_M15,AUDUSD,SELL,SELL,513,0,513,NEW_YORK,NY_PM,0.5242351739340825,1.0,HIGH_VOL|LOW_VOL,UNKNOWN,0.6680730918088954,1.0,DOWNTREND|UPTREND,UNKNOWN,0.46603446423913203,1.0,ASIA|HIGH_VOL|RANGE|ASIA|HIGH_VOL|UPTREND|ASIA|LOW_VOL|UPTREND|ASIA|MID_VOL|DOWNTREND|LONDON|HIGH_VOL|DOWNTREND|LONDON|HIGH_VOL|RANGE|NEW_YORK|HIGH_VOL|DOWNTREND|NEW_YORK|HIGH_VOL|RANGE|NY_PM|HIGH_VOL|DOWNTREND,ASIA|HIGH_VOL|DOWNTREND|ASIA|MID_VOL|RANGE|ASIA|MID_VOL|UPTREND|LONDON|HIGH_VOL|UPTREND|LONDON|UNKNOWN|UNKNOWN,0.15599307280551378,0.6829268292682926
AUDUSD_5_6.3.178_SELL_M15,AUDUSD,SELL,SELL,640,0,640,NEW_YORK,LONDON|NY_PM,0.5554087385482734,1.0,HIGH_VOL,MID_VOL|UNKNOWN,0.9804238505747127,1.0,UPTREND,UNKNOWN,0.6291180852825013,1.0,ASIA|HIGH_VOL|DOWNTREND|ASIA|HIGH_VOL|RANGE|ASIA|HIGH_VOL|UPTREND|ASIA|LOW_VOL|UPTREND|LONDON|HIGH_VOL|RANGE|LONDON|LOW_VOL|UPTREND|LONDON|MID_VOL|UPTREND|NEW_YORK|HIGH_VOL|DOWNTREND|NEW_YORK|HIGH_VOL|RANGE,ASIA|LOW_VOL|RANGE|ASIA|MID_VOL|DOWNTREND|ASIA|MID_VOL|RANGE|ASIA|MID_VOL|UPTREND|LONDON|HIGH_VOL|DOWNTREND|LONDON|MID_VOL|DOWNTREND|LONDON|MID_VOL|RANGE|LONDON|UNKNOWN|UNKNOWN,0.1386160456345663,0.7317073170731707
AUDUSD_60_1.31.145_SELL_M15,AUDUSD,,UNKNOWN,556,0,0,NEW_YORK,,0.48940466519670417,1.0,HIGH_VOL|MID_VOL,LOW_VOL|UNKNOWN,0.6099612236105127,1.0,RANGE|UPTREND,UNKNOWN,0.4213740458015267,1.0,ASIA|HIGH_VOL|UPTREND|ASIA|LOW_VOL|RANGE|ASIA|MID_VOL|DOWNTREND|LONDON|HIGH_VOL|RANGE|NEW_YORK|HIGH_VOL|DOWNTREND|NEW_YORK|HIGH_VOL|RANGE,ASIA|HIGH_VOL|RANGE|ASIA|LOW_VOL|DOWNTREND|ASIA|MID_VOL|RANGE|ASIA|UNKNOWN|UNKNOWN|LONDON|HIGH_VOL|DOWNTREND|LONDON|UNKNOWN|UNKNOWN,0.17809422005039324,0.6904761904761905
AUDUSD_61_6.25.174_SELL_M15,AUDUSD,,UNKNOWN,562,0,0,LONDON|NEW_YORK,,0.5010033573881835,1.0,HIGH_VOL|LOW_VOL,,0.8180449967197931,1.0,DOWNTREND|UPTREND,RANGE,0.5656995319117321,1.0,LONDON|HIGH_VOL|DOWNTREND|LONDON|HIGH_VOL|RANGE|NEW_YORK|HIGH_VOL|DOWNTREND|NEW_YORK|HIGH_VOL|RANGE|NEW_YORK|HIGH_VOL|UPTREND|NY_PM|HIGH_VOL|DOWNTREND|NY_PM|HIGH_VOL|UPTREND,ASIA|HIGH_VOL|RANGE|ASIA|HIGH_VOL|UPTREND|ASIA|MID_VOL|RANGE|LONDON|MID_VOL|RANGE|LONDON|UNKNOWN|UNKNOWN|NY_PM|HIGH_VOL|RANGE|NY_PM|MID_VOL|RANGE|NY_PM|UNKNOWN|UNKNOWN,0.11902800658978581,0.7125
AUDUSD_6_5.9.126_SELL_M15,AUDUSD,,UNKNOWN,752,0,0,NEW_YORK,NY_PM,0.6168699329291345,1.0,LOW_VOL|MID_VOL,,0.560826222860522,1.0,RANGE|UPTREND,UNKNOWN,0.6050577755715507,1.0,ASIA|HIGH_VOL|UPTREND|ASIA|LOW_VOL|RANGE|ASIA|LOW_VOL|UPTREND|ASIA|MID_VOL|DOWNTREND|ASIA|MID_VOL|RANGE|LONDON|HIGH_VOL|RANGE|LONDON|MID_VOL|UPTREND|NEW_YORK|HIGH_VOL|DOWNTREND,ASIA|HIGH_VOL|DOWNTREND|ASIA|HIGH_VOL|RANGE|ASIA|LOW_VOL|DOWNTREND|ASIA|UNKNOWN|UNKNOWN|LONDON|UNKNOWN|UNKNOWN,0.14261832619371018,0.717948717948718
EURGBP_10_5.21.111_SELL_M15,EURGBP,SELL,SELL,472,0,472,ASIA,LONDON|NY_PM,0.9954746033236317,1.0,LOW_VOL|MID_VOL,HIGH_VOL|UNKNOWN,0.5779530972300491,1.0,DOWNTREND|RANGE,UNKNOWN,0.5130956040577929,1.0,ASIA|LOW_VOL|DOWNTREND|ASIA|LOW_VOL|RANGE|ASIA|MID_VOL|RANGE|ASIA|MID_VOL|UPTREND|ASIA|UNKNOWN|UNKNOWN|NEW_YORK|HIGH_VOL|DOWNTREND,ASIA|LOW_VOL|UPTREND,0.2166567293334248,0.6351351351351351
EURGBP_49_2.36.141_BOTH_M15,EURGBP,,UNKNOWN,1162,0,0,LONDON,,0.5199252549051468,0.875,HIGH_VOL|MID_VOL,,0.48295704672662093,1.0,UPTREND,DOWNTREND,0.8809397011685977,1.0,ASIA|LOW_VOL|UPTREND|ASIA|MID_VOL|UPTREND|LONDON|HIGH_VOL|RANGE|LONDON|UNKNOWN|UNKNOWN,ASIA|HIGH_VOL|RANGE|ASIA|LOW_VOL|DOWNTREND|ASIA|LOW_VOL|RANGE|ASIA|UNKNOWN|UNKNOWN|LONDON|HIGH_VOL|DOWNTREND|LONDON|MID_VOL|RANGE,0.2677569428711426,0.6857142857142857
EURGBP_62_3.31.132_BUY_M15,EURGBP,,UNKNOWN,633,0,0,ASIA,LONDON|NY_PM,0.7135209120205135,1.0,MID_VOL,LOW_VOL|UNKNOWN,0.5027527607166724,1.0,UPTREND,UNKNOWN,0.43750703477995206,1.0,ASIA|HIGH_VOL|DOWNTREND|ASIA|LOW_VOL|DOWNTREND|ASIA|LOW_VOL|RANGE|ASIA|MID_VOL|DOWNTREND|ASIA|MID_VOL|RANGE|LONDON|HIGH_VOL|RANGE|LONDON|HIGH_VOL|UPTREND|LONDON|MID_VOL|DOWNTREND|LONDON|MID_VOL|UPTREND|NEW_YORK|HIGH_VOL|DOWNTREND|NEW_YORK|MID_VOL|DOWNTREND|NEW_YORK|MID_VOL|RANGE,LONDON|HIGH_VOL|DOWNTREND|LONDON|UNKNOWN|UNKNOWN|NEW_YORK|HIGH_VOL|RANGE|NEW_YORK|UNKNOWN|UNKNOWN|NY_PM|HIGH_VOL|DOWNTREND|NY_PM|HIGH_VOL|RANGE,0.13797942001870908,0.7435897435897436
EURGBP_63_4.21.189_SELL_M15,EURGBP,,UNKNOWN,850,0,0,NEW_YORK,,0.5679237580056646,1.0,,,0.4362991503151233,1.0,DOWNTREND|RANGE,UPTREND,0.5441619857921692,1.0,ASIA|LOW_VOL|DOWNTREND|ASIA|MID_VOL|RANGE|LONDON|HIGH_VOL|DOWNTREND|LONDON|HIGH_VOL|UPTREND|LONDON|LOW_VOL|DOWNTREND|LONDON|MID_VOL|DOWNTREND,ASIA|LOW_VOL|UPTREND|ASIA|MID_VOL|DOWNTREND|ASIA|MID_VOL|UPTREND|LONDON|LOW_VOL|RANGE|LONDON|MID_VOL|UPTREND|LONDON|UNKNOWN|UNKNOWN,0.2707316404321834,0.717948717948718
EURGBP_70_2.27.108_SELL_M15,EURGBP,,UNKNOWN,816,0,0,NEW_YORK,LONDON|NY_PM,0.5009301364200082,1.0,LOW_VOL|MID_VOL,HIGH_VOL|UNKNOWN,0.6640858076431311,1.0,DOWNTREND,UNKNOWN|UPTREND,0.7501701837985023,1.0,ASIA|LOW_VOL|DOWNTREND|ASIA|LOW_VOL|RANGE|ASIA|LOW_VOL|UPTREND|ASIA|MID_VOL|RANGE|LONDON|HIGH_VOL|DOWNTREND|LONDON|MID_VOL|DOWNTREND|LONDON|MID_VOL|UPTREND|NEW_YORK|HIGH_VOL|RANGE|NEW_YORK|HIGH_VOL|UPTREND,ASIA|HIGH_VOL|UPTREND|ASIA|UNKNOWN|UNKNOWN|LONDON|HIGH_VOL|RANGE|LONDON|HIGH_VOL|UPTREND|LONDON|MID_VOL|RANGE|LONDON|UNKNOWN|UNKNOWN|NY_PM|HIGH_VOL|RANGE,0.18938825664216266,0.7236842105263158
EURGBP_7_3.16.177_SELL_M15,EURGBP,,UNKNOWN,615,0,0,,LONDON|NY_PM,0.7022034275539728,1.0,,HIGH_VOL|LOW_VOL|UNKNOWN,1.0,1.0,,UNKNOWN|UPTREND,0.7397881996974282,1.0,ASIA|HIGH_VOL|DOWNTREND|ASIA|MID_VOL|UPTREND|NY_PM|HIGH_VOL|RANGE,ASIA|HIGH_VOL|UPTREND|ASIA|LOW_VOL|DOWNTREND|ASIA|LOW_VOL|RANGE|ASIA|MID_VOL|DOWNTREND|ASIA|MID_VOL|RANGE|LONDON|HIGH_VOL|UPTREND|LONDON|MID_VOL|DOWNTREND|LONDON|UNKNOWN|UNKNOWN,0.19892658880980352,0.7142857142857143
EURGBP_8_6.1.186_SELL_M15,EURGBP,SELL,SELL,646,0,646,ASIA,NEW_YORK|NY_PM,0.8255036017376323,1.0,LOW_VOL|MID_VOL|UNKNOWN,,0.4204415046222506,1.0,RANGE|UNKNOWN,UPTREND,0.5516771850955304,1.0,ASIA|HIGH_VOL|DOWNTREND|ASIA|LOW_VOL|DOWNTREND|ASIA|LOW_VOL|UPTREND|ASIA|MID_VOL|DOWNTREND|ASIA|MID_VOL|RANGE|ASIA|UNKNOWN|UNKNOWN|LONDON|HIGH_VOL|DOWNTREND|LONDON|MID_VOL|RANGE|LONDON|UNKNOWN|UNKNOWN,ASIA|LOW_VOL|RANGE|LONDON|HIGH_VOL|UPTREND|LONDON|MID_VOL|DOWNTREND,0.19774845556105644,0.6842105263157895
EURGBP_9_5.2.127_SELL_M15,EURGBP,SELL,SELL,607,0,607,ASIA|LONDON,NEW_YORK|NY_PM|OFF_HOURS,0.8112867689691161,1.0,LOW_VOL|MID_VOL|UNKNOWN,HIGH_VOL,0.4767872490038284,1.0,DOWNTREND|UNKNOWN,,0.4235216773693664,1.0,ASIA|LOW_VOL|DOWNTREND|ASIA|LOW_VOL|RANGE|ASIA|LOW_VOL|UPTREND|ASIA|MID_VOL|RANGE|ASIA|MID_VOL|UPTREND|ASIA|UNKNOWN|UNKNOWN|NEW_YORK|HIGH_VOL|DOWNTREND|NY_PM|HIGH_VOL|RANGE,ASIA|HIGH_VOL|DOWNTREND|ASIA|HIGH_VOL|RANGE|ASIA|HIGH_VOL|UPTREND|NEW_YORK|HIGH_VOL|RANGE|NEW_YORK|HIGH_VOL|UPTREND|NY_PM|HIGH_VOL|UPTREND|NY_PM|UNKNOWN|UNKNOWN,0.1723115273117777,0.6777777777777778
EURUSD_11_1.42.105_SELL_M15,EURUSD,,UNKNOWN,533,0,0,ASIA|NY_PM,NEW_YORK,0.7604796072507554,1.0,MID_VOL,UNKNOWN,0.4724644973722464,1.0,RANGE,UNKNOWN,0.6171597464972859,1.0,ASIA|HIGH_VOL|DOWNTREND|ASIA|HIGH_VOL|RANGE|ASIA|LOW_VOL|UPTREND|ASIA|MID_VOL|RANGE|ASIA|MID_VOL|UPTREND|LONDON|HIGH_VOL|DOWNTREND|LONDON|MID_VOL|RANGE|NEW_YORK|HIGH_VOL|RANGE,ASIA|HIGH_VOL|UPTREND|ASIA|LOW_VOL|DOWNTREND|ASIA|MID_VOL|DOWNTREND|ASIA|UNKNOWN|UNKNOWN|LONDON|HIGH_VOL|RANGE|LONDON|HIGH_VOL|UPTREND|LONDON|UNKNOWN|UNKNOWN|NEW_YORK|HIGH_VOL|DOWNTREND,0.2036501224126419,0.7297297297297297
EURUSD_12_3.47.124_BUY_M15,EURUSD,,UNKNOWN,648,0,0,NY_PM,LONDON,0.6222718939146595,1.0,LOW_VOL,MID_VOL|UNKNOWN,0.7021631656897307,1.0,UPTREND,DOWNTREND|UNKNOWN,0.9325996975244766,1.0,ASIA|LOW_VOL|RANGE|ASIA|MID_VOL|UPTREND|LONDON|LOW_VOL|RANGE|LONDON|LOW_VOL|UPTREND|NY_PM|HIGH_VOL|DOWNTREND|NY_PM|HIGH_VOL|RANGE,ASIA|MID_VOL|RANGE|ASIA|UNKNOWN|UNKNOWN|LONDON|HIGH_VOL|DOWNTREND|LONDON|HIGH_VOL|RANGE|LONDON|MID_VOL|DOWNTREND|LONDON|MID_VOL|RANGE|LONDON|UNKNOWN|UNKNOWN|NEW_YORK|HIGH_VOL|DOWNTREND,0.1618669314796425,0.7763157894736843
EURUSD_13_6.46.178_BUY_M15,EURUSD,,UNKNOWN,524,0,0,NEW_YORK,LONDON,0.6923507985430093,0.9,LOW_VOL,UNKNOWN,0.5279363619145541,1.0,UPTREND,UNKNOWN,0.9288488961007033,0.875,ASIA|LOW_VOL|RANGE|NEW_YORK|HIGH_VOL|RANGE|NEW_YORK|HIGH_VOL|UPTREND|NY_PM|HIGH_VOL|UPTREND,ASIA|HIGH_VOL|RANGE|ASIA|MID_VOL|RANGE|ASIA|UNKNOWN|UNKNOWN|LONDON|HIGH_VOL|RANGE|LONDON|HIGH_VOL|UPTREND|LONDON|UNKNOWN|UNKNOWN,0.169434260657034,0.7162162162162162
EURUSD_14_5.6.167_BUY_M15,EURUSD,,UNKNOWN,702,0,0,LONDON|NEW_YORK|NY_PM,,0.5260390585878818,1.0,HIGH_VOL|LOW_VOL,UNKNOWN,0.7138655677718311,1.0,UPTREND,UNKNOWN,0.6126333146225093,1.0,ASIA|HIGH_VOL|DOWNTREND|ASIA|LOW_VOL|RANGE|ASIA|LOW_VOL|UPTREND|LONDON|HIGH_VOL|UPTREND|LONDON|MID_VOL|DOWNTREND|LONDON|MID_VOL|UPTREND,ASIA|HIGH_VOL|RANGE|ASIA|LOW_VOL|DOWNTREND|ASIA|MID_VOL|DOWNTREND|ASIA|MID_VOL|RANGE|ASIA|MID_VOL|UPTREND|ASIA|UNKNOWN|UNKNOWN,0.16837014053659433,0.7297297297297297
EURUSD_18_6.6.111_SELL_M15,EURUSD,SELL,SELL,1535,0,772,NEW_YORK|NY_PM,,0.5876207631317033,1.0,LOW_VOL,,0.3916432692157828,1.0,DOWNTREND|UPTREND,,0.38110940655455194,1.0,ASIA|HIGH_VOL|DOWNTREND|ASIA|HIGH_VOL|RANGE|ASIA|LOW_VOL|UPTREND|ASIA|MID_VOL|UPTREND|LONDON|UNKNOWN|UNKNOWN|NEW_YORK|HIGH_VOL|DOWNTREND|NY_PM|HIGH_VOL|DOWNTREND|NY_PM|HIGH_VOL|UPTREND,ASIA|MID_VOL|DOWNTREND|ASIA|UNKNOWN|UNKNOWN|LONDON|HIGH_VOL|RANGE|LONDON|LOW_VOL|DOWNTREND|LONDON|MID_VOL|DOWNTREND|LONDON|MID_VOL|UPTREND|NEW_YORK|HIGH_VOL|UPTREND|NEW_YORK|UNKNOWN|UNKNOWN,0.156770866041567,0.7976190476190477
EURUSD_59_2.34.129_SELL_M15,EURUSD,,UNKNOWN,964,0,0,NY_PM,NEW_YORK,0.4591791341808902,1.0,,HIGH_VOL|UNKNOWN,0.5211775402075431,1.0,,UNKNOWN,0.5957697854302321,1.0,ASIA|LOW_VOL|DOWNTREND|ASIA|MID_VOL|RANGE|LONDON|HIGH_VOL|RANGE|LONDON|HIGH_VOL|UPTREND|LONDON|LOW_VOL|RANGE|LONDON|MID_VOL|UPTREND|LONDON|UNKNOWN|UNKNOWN,ASIA|HIGH_VOL|DOWNTREND|ASIA|HIGH_VOL|UPTREND|ASIA|MID_VOL|DOWNTREND|ASIA|UNKNOWN|UNKNOWN|LONDON|MID_VOL|DOWNTREND,0.21238350906919534,0.7647058823529411
EURUSD_64_4.34.165_BUY_M15,EURUSD,BUY,BUY,855,855,0,NY_PM,,0.5452516676773801,1.0,LOW_VOL|MID_VOL,UNKNOWN,0.5510265398097146,1.0,UPTREND,UNKNOWN,0.7379245605052056,1.0,ASIA|HIGH_VOL|DOWNTREND|ASIA|LOW_VOL|DOWNTREND|ASIA|LOW_VOL|UPTREND|ASIA|MID_VOL|RANGE|LONDON|HIGH_VOL|UPTREND|LONDON|MID_VOL|DOWNTREND|LONDON|MID_VOL|UPTREND|NEW_YORK|HIGH_VOL|UPTREND|NY_PM|HIGH_VOL|DOWNTREND,ASIA|HIGH_VOL|RANGE|ASIA|LOW_VOL|RANGE|ASIA|MID_VOL|DOWNTREND|ASIA|UNKNOWN|UNKNOWN|LONDON|HIGH_VOL|DOWNTREND|LONDON|MID_VOL|RANGE|LONDON|UNKNOWN|UNKNOWN|NEW_YORK|HIGH_VOL|DOWNTREND|NEW_YORK|HIGH_VOL|RANGE|NY_PM|HIGH_VOL|RANGE,0.13275874785320677,0.7625
EURUSD_71_5.30.159_SELL_M15,EURUSD,,UNKNOWN,1001,0,0,NY_PM,ASIA,0.4510557469741144,1.0,HIGH_VOL,LOW_VOL|UNKNOWN,0.7503614289944435,1.0,DOWNTREND|RANGE,UNKNOWN|UPTREND,0.5067307566027079,1.0,ASIA|HIGH_VOL|RANGE|ASIA|MID_VOL|RANGE|LONDON|HIGH_VOL|DOWNTREND|LONDON|HIGH_VOL|RANGE|LONDON|HIGH_VOL|UPTREND|LONDON|MID_VOL|DOWNTREND|LONDON|MID_VOL|RANGE|NEW_YORK|HIGH_VOL|DOWNTREND|NEW_YORK|HIGH_VOL|UPTREND|NY_PM|HIGH_VOL|DOWNTREND,ASIA|HIGH_VOL|UPTREND|ASIA|LOW_VOL|UPTREND|ASIA|MID_VOL|DOWNTREND|ASIA|MID_VOL|UPTREND|ASIA|UNKNOWN|UNKNOWN|LONDON|LOW_VOL|DOWNTREND|LONDON|MID_VOL|UPTREND|LONDON|UNKNOWN|UNKNOWN|NEW_YORK|HIGH_VOL|RANGE|NEW_YORK|UNKNOWN|UNKNOWN,0.14859823826292307,0.7948717948717949
EURUSD_72_5.42.127_SELL_M15,EURUSD,,UNKNOWN,989,0,0,NY_PM,,0.35287602629234577,1.0,HIGH_VOL,LOW_VOL|UNKNOWN,0.7641616516394318,1.0,DOWNTREND,RANGE|UNKNOWN,0.8259043675287131,1.0,ASIA|HIGH_VOL|RANGE|ASIA|MID_VOL|DOWNTREND|ASIA|MID_VOL|UPTREND|LONDON|HIGH_VOL|DOWNTREND|LONDON|HIGH_VOL|UPTREND|LONDON|LOW_VOL|UPTREND|LONDON|MID_VOL|DOWNTREND|LONDON|UNKNOWN|UNKNOWN|NEW_YORK|HIGH_VOL|DOWNTREND|NEW_YORK|HIGH_VOL|RANGE|NEW_YORK|UNKNOWN|UNKNOWN|NY_PM|HIGH_VOL|DOWNTREND,ASIA|HIGH_VOL|UPTREND|ASIA|LOW_VOL|DOWNTREND|ASIA|LOW_VOL|UPTREND|ASIA|MID_VOL|RANGE|ASIA|UNKNOWN|UNKNOWN|LONDON|LOW_VOL|RANGE|LONDON|MID_VOL|UPTREND|NEW_YORK|MID_VOL|RANGE|NY_PM|HIGH_VOL|RANGE,0.24078037127357782,0.8243243243243243
EURUSD_73_5.43.181_SELL_M15,EURUSD,,UNKNOWN,941,0,0,NEW_YORK|NY_PM,,0.3313980225339158,1.0,HIGH_VOL,MID_VOL|UNKNOWN,0.7799784510077322,1.0,DOWNTREND,UNKNOWN,0.6030606919176857,1.0,ASIA|HIGH_VOL|DOWNTREND|ASIA|LOW_VOL|UPTREND|ASIA|MID_VOL|UPTREND|LONDON|HIGH_VOL|DOWNTREND|LONDON|HIGH_VOL|RANGE|NEW_YORK|HIGH_VOL|DOWNTREND|NY_PM|HIGH_VOL|RANGE,ASIA|HIGH_VOL|RANGE|ASIA|HIGH_VOL|UPTREND|ASIA|LOW_VOL|DOWNTREND|ASIA|MID_VOL|DOWNTREND|ASIA|MID_VOL|RANGE|ASIA|UNKNOWN|UNKNOWN|LONDON|HIGH_VOL|UPTREND|LONDON|LOW_VOL|UPTREND|LONDON|MID_VOL|DOWNTREND|LONDON|MID_VOL|RANGE|LONDON|UNKNOWN|UNKNOWN|NEW_YORK|HIGH_VOL|UPTREND|NEW_YORK|MID_VOL|RANGE,0.13202373957987418,0.8108108108108107
GBPJPY_50_5.35.116_BUY_M15,GBPJPY,,UNKNOWN,539,0,0,ASIA|NEW_YORK|NY_PM,,0.7571165873916372,1.0,HIGH_VOL|MID_VOL,UNKNOWN,0.46921974214596746,1.0,UPTREND,UNKNOWN,0.6543246268141141,1.0,ASIA|HIGH_VOL|DOWNTREND|ASIA|HIGH_VOL|RANGE|ASIA|HIGH_VOL|UPTREND|ASIA|MID_VOL|DOWNTREND|ASIA|MID_VOL|UPTREND|ASIA|UNKNOWN|UNKNOWN|LONDON|HIGH_VOL|UPTREND|LONDON|LOW_VOL|UPTREND|LONDON|MID_VOL|RANGE|NEW_YORK|HIGH_VOL|RANGE|NEW_YORK|HIGH_VOL|UPTREND|NY_PM|HIGH_VOL|RANGE,ASIA|LOW_VOL|UPTREND|ASIA|MID_VOL|RANGE|LONDON|HIGH_VOL|DOWNTREND|LONDON|HIGH_VOL|RANGE|LONDON|UNKNOWN|UNKNOWN|NEW_YORK|UNKNOWN|UNKNOWN,0.10675009633755599,0.7564102564102564
GBPJPY_65_2.14.157_BUY_M15,GBPJPY,,UNKNOWN,680,0,0,ASIA|NEW_YORK|NY_PM,,0.6756205245178298,1.0,HIGH_VOL|LOW_VOL|MID_VOL,UNKNOWN,0.4196821773703341,1.0,RANGE|UPTREND,DOWNTREND|UNKNOWN,0.7240461110772534,1.0,ASIA|HIGH_VOL|RANGE|ASIA|LOW_VOL|UPTREND|ASIA|MID_VOL|RANGE|ASIA|MID_VOL|UPTREND|ASIA|UNKNOWN|UNKNOWN|LONDON|HIGH_VOL|RANGE|LONDON|HIGH_VOL|UPTREND|LONDON|LOW_VOL|UPTREND,ASIA|HIGH_VOL|UPTREND|ASIA|LOW_VOL|RANGE|LONDON|LOW_VOL|RANGE|LONDON|MID_VOL|RANGE|LONDON|UNKNOWN|UNKNOWN,0.158672451477736,0.6794871794871795
GBPJPY_66_4.17.131_BOTH_M15,GBPJPY,,UNKNOWN,908,0,0,ASIA|NY_PM,,0.85132190259738,1.0,LOW_VOL|MID_VOL,HIGH_VOL|UNKNOWN,0.5838859660857766,1.0,RANGE|UPTREND,DOWNTREND|UNKNOWN,0.5300296009249961,1.0,ASIA|HIGH_VOL|UPTREND|ASIA|LOW_VOL|DOWNTREND|ASIA|LOW_VOL|RANGE|ASIA|LOW_VOL|UPTREND|ASIA|MID_VOL|RANGE|LONDON|LOW_VOL|UPTREND|LONDON|MID_VOL|RANGE|NEW_YORK|MID_VOL|RANGE,ASIA|HIGH_VOL|RANGE|ASIA|MID_VOL|DOWNTREND|ASIA|UNKNOWN|UNKNOWN|LONDON|LOW_VOL|DOWNTREND|LONDON|MID_VOL|DOWNTREND|LONDON|MID_VOL|UPTREND|LONDON|UNKNOWN|UNKNOWN|NEW_YORK|HIGH_VOL|RANGE,0.15344852432858055,0.7375
GBPJPY_67_4.19.99_BOTH_M15,GBPJPY,,UNKNOWN,929,0,0,NEW_YORK|NY_PM,,0.6089882223527454,1.0,HIGH_VOL|LOW_VOL,UNKNOWN,0.46777783038969645,1.0,RANGE|UPTREND,UNKNOWN,0.6007240647496983,1.0,ASIA|HIGH_VOL|RANGE|ASIA|LOW_VOL|DOWNTREND|ASIA|MID_VOL|RANGE|LONDON|HIGH_VOL|RANGE|LONDON|LOW_VOL|UPTREND|NEW_YORK|MID_VOL|RANGE|NEW_YORK|MID_VOL|UPTREND,ASIA|MID_VOL|DOWNTREND|ASIA|UNKNOWN|UNKNOWN|LONDON|MID_VOL|DOWNTREND|LONDON|MID_VOL|UPTREND|LONDON|UNKNOWN|UNKNOWN|NEW_YORK|HIGH_VOL|RANGE,0.13264067950856973,0.763157894736842
GBPUSD_19_0.13205_BUY_M15,GBPUSD,,UNKNOWN,498,0,0,LONDON,NEW_YORK|NY_PM,0.6830880144187444,0.9,,HIGH_VOL,0.5900033211557622,1.0,DOWNTREND,RANGE|UNKNOWN,0.8137507430156529,1.0,LONDON|MID_VOL|RANGE|LONDON|UNKNOWN|UNKNOWN,ASIA|HIGH_VOL|RANGE|ASIA|MID_VOL|RANGE|ASIA|UNKNOWN|UNKNOWN|NEW_YORK|HIGH_VOL|RANGE,0.23095140416961918,0.6710526315789473
GBPUSD_20_1.32.126_BUY_M15,GBPUSD,,UNKNOWN,610,0,0,NEW_YORK,ASIA|LONDON|NY_PM,1.0,1.0,LOW_VOL,HIGH_VOL|MID_VOL|UNKNOWN,1.0,1.0,,UNKNOWN,0.389859750667854,1.0,ASIA|LOW_VOL|RANGE|NEW_YORK|HIGH_VOL|DOWNTREND|NEW_YORK|HIGH_VOL|RANGE,ASIA|HIGH_VOL|DOWNTREND|ASIA|HIGH_VOL|RANGE|ASIA|LOW_VOL|DOWNTREND|ASIA|MID_VOL|RANGE|ASIA|UNKNOWN|UNKNOWN|LONDON|HIGH_VOL|RANGE|LONDON|HIGH_VOL|UPTREND|LONDON|MID_VOL|DOWNTREND|LONDON|MID_VOL|RANGE|LONDON|UNKNOWN|UNKNOWN|NY_PM|HIGH_VOL|RANGE,0.27980525903374565,0.7162162162162162
GBPUSD_21_3.3.167_BUY_M15,GBPUSD,,UNKNOWN,774,0,0,NEW_YORK,,0.4941231403361886,1.0,UNKNOWN,,0.3564275133638179,1.0,UNKNOWN|UPTREND,RANGE,0.46501087744742564,1.0,ASIA|HIGH_VOL|DOWNTREND|ASIA|LOW_VOL|DOWNTREND|LONDON|MID_VOL|RANGE|LONDON|MID_VOL|UPTREND|LONDON|UNKNOWN|UNKNOWN|NEW_YORK|HIGH_VOL|DOWNTREND|NEW_YORK|HIGH_VOL|RANGE,ASIA|HIGH_VOL|RANGE|ASIA|MID_VOL|RANGE|LONDON|HIGH_VOL|DOWNTREND|LONDON|HIGH_VOL|RANGE|LONDON|HIGH_VOL|UPTREND|NY_PM|HIGH_VOL|RANGE,0.09915170210421945,0.75
GBPUSD_22_6.11.100_SELL_M15,GBPUSD,,UNKNOWN,394,0,0,NEW_YORK,NY_PM,0.5180728144756921,1.0,HIGH_VOL|MID_VOL,LOW_VOL|UNKNOWN,0.5600679365352367,1.0,DOWNTREND|RANGE,UNKNOWN,0.39952684434144453,1.0,LONDON|MID_VOL|RANGE|LONDON|MID_VOL|UPTREND|NEW_YORK|HIGH_VOL|RANGE|NEW_YORK|HIGH_VOL|UPTREND,LONDON|HIGH_VOL|RANGE|LONDON|HIGH_VOL|UPTREND|LONDON|LOW_VOL|UPTREND,0.34943606118349907,0.6607142857142857
GBPUSD_69_3.13.113_BUY_M15,GBPUSD,,UNKNOWN,758,0,0,LONDON,,0.5216923124941477,1.0,HIGH_VOL|MID_VOL,,0.4911045912793783,1.0,DOWNTREND|UNKNOWN,,0.3754642779112956,1.0,ASIA|HIGH_VOL|UPTREND|ASIA|MID_VOL|DOWNTREND|ASIA|UNKNOWN|UNKNOWN|LONDON|HIGH_VOL|DOWNTREND|LONDON|HIGH_VOL|RANGE|LONDON|MID_VOL|RANGE|LONDON|MID_VOL|UPTREND|NEW_YORK|HIGH_VOL|UPTREND|NY_PM|HIGH_VOL|RANGE,ASIA|LOW_VOL|UPTREND|ASIA|MID_VOL|UPTREND|LONDON|HIGH_VOL|UPTREND|LONDON|UNKNOWN|UNKNOWN|NEW_YORK|HIGH_VOL|RANGE,0.1859921907683726,0.7567567567567568
GBPUSD_74_6.52.179_SELL_M15,GBPUSD,,UNKNOWN,723,0,0,ASIA|LONDON|NEW_YORK,NY_PM,0.5233800409347519,1.0,HIGH_VOL|LOW_VOL,,0.42854451479731004,1.0,DOWNTREND,,0.6030323632282955,1.0,ASIA|HIGH_VOL|UPTREND|ASIA|LOW_VOL|DOWNTREND|ASIA|LOW_VOL|RANGE|ASIA|MID_VOL|DOWNTREND|LONDON|HIGH_VOL|DOWNTREND|LONDON|HIGH_VOL|RANGE|LONDON|HIGH_VOL|UPTREND|LONDON|LOW_VOL|RANGE|NEW_YORK|HIGH_VOL|DOWNTREND|NY_PM|HIGH_VOL|DOWNTREND,ASIA|HIGH_VOL|RANGE|LONDON|MID_VOL|RANGE|LONDON|UNKNOWN|UNKNOWN,0.1303389809408806,0.7638888888888888
NZDUSD_23_2.12.147_SELL_M15,NZDUSD,,UNKNOWN,517,0,0,ASIA,NY_PM,0.7368643619832963,0.9,HIGH_VOL|LOW_VOL|MID_VOL,UNKNOWN,0.6089813800657174,1.0,DOWNTREND|UPTREND,RANGE|UNKNOWN,0.9717481438626941,1.0,ASIA|HIGH_VOL|DOWNTREND|ASIA|LOW_VOL|DOWNTREND|ASIA|MID_VOL|DOWNTREND|ASIA|MID_VOL|RANGE|ASIA|UNKNOWN|UNKNOWN|LONDON|HIGH_VOL|DOWNTREND|NEW_YORK|HIGH_VOL|DOWNTREND,ASIA|HIGH_VOL|RANGE|ASIA|LOW_VOL|RANGE|LONDON|MID_VOL|DOWNTREND|LONDON|UNKNOWN|UNKNOWN|NEW_YORK|HIGH_VOL|RANGE,0.2526130128037627,0.675
NZDUSD_24_4.41.120_SELL_M15,NZDUSD,,UNKNOWN,639,0,0,,ASIA|NY_PM,0.9295081967213106,1.0,,LOW_VOL|MID_VOL|UNKNOWN,1.0,1.0,,RANGE|UNKNOWN,0.8656832298136647,1.0,ASIA|LOW_VOL|DOWNTREND|LONDON|HIGH_VOL|DOWNTREND|LONDON|HIGH_VOL|UPTREND|NEW_YORK|HIGH_VOL|DOWNTREND,ASIA|HIGH_VOL|DOWNTREND|ASIA|HIGH_VOL|RANGE|ASIA|LOW_VOL|RANGE|ASIA|MID_VOL|DOWNTREND|ASIA|MID_VOL|RANGE|ASIA|MID_VOL|UPTREND|ASIA|UNKNOWN|UNKNOWN|LONDON|HIGH_VOL|RANGE|LONDON|MID_VOL|DOWNTREND|LONDON|MID_VOL|RANGE|NEW_YORK|HIGH_VOL|RANGE,0.31033986175115214,0.6904761904761905
NZDUSD_25_5.7.105_SELL_M15,NZDUSD,,UNKNOWN,711,0,0,,NY_PM,0.812722284320699,1.0,,UNKNOWN,0.4295502265443697,1.0,DOWNTREND|UPTREND,RANGE|UNKNOWN,0.573512154233026,1.0,ASIA|HIGH_VOL|UPTREND|ASIA|LOW_VOL|UPTREND|ASIA|MID_VOL|DOWNTREND|ASIA|MID_VOL|UPTREND|LONDON|HIGH_VOL|DOWNTREND|LONDON|HIGH_VOL|UPTREND|NEW_YORK|HIGH_VOL|DOWNTREND,ASIA|LOW_VOL|RANGE|ASIA|MID_VOL|RANGE|ASIA|UNKNOWN|UNKNOWN|LONDON|HIGH_VOL|RANGE|LONDON|MID_VOL|DOWNTREND|LONDON|UNKNOWN|UNKNOWN|NEW_YORK|HIGH_VOL|RANGE|NY_PM|HIGH_VOL|RANGE,0.20714359344397482,0.7209302325581395
NZDUSD_26_2.6.180_SELL_M15,NZDUSD,,UNKNOWN,759,0,0,NEW_YORK,NY_PM,0.5893921334922527,1.0,LOW_VOL,UNKNOWN,0.6730622617534943,1.0,DOWNTREND,RANGE|UNKNOWN,0.7899509577125938,1.0,ASIA|HIGH_VOL|DOWNTREND|ASIA|LOW_VOL|RANGE|ASIA|MID_VOL|DOWNTREND|ASIA|MID_VOL|RANGE|LONDON|HIGH_VOL|UPTREND|LONDON|MID_VOL|RANGE|NEW_YORK|HIGH_VOL|DOWNTREND|NEW_YORK|HIGH_VOL|UPTREND|NEW_YORK|UNKNOWN|UNKNOWN,ASIA|HIGH_VOL|RANGE|ASIA|HIGH_VOL|UPTREND|ASIA|MID_VOL|UPTREND|ASIA|UNKNOWN|UNKNOWN|LONDON|HIGH_VOL|RANGE|LONDON|MID_VOL|DOWNTREND|LONDON|MID_VOL|UPTREND|LONDON|UNKNOWN|UNKNOWN|NEW_YORK|HIGH_VOL|RANGE|NY_PM|HIGH_VOL|RANGE,0.25316581417291556,0.7325581395348837
NZDUSD_27_6.16.107_SELL_M15,NZDUSD,,UNKNOWN,576,0,0,ASIA,LONDON|NY_PM,0.9602222222222223,1.0,UNKNOWN,LOW_VOL,0.6668239735724398,1.0,DOWNTREND|UNKNOWN,RANGE,0.5766316629004387,1.0,ASIA|HIGH_VOL|RANGE|ASIA|HIGH_VOL|UPTREND|ASIA|LOW_VOL|RANGE|ASIA|UNKNOWN|UNKNOWN|LONDON|HIGH_VOL|DOWNTREND|NEW_YORK|HIGH_VOL|DOWNTREND,ASIA|LOW_VOL|UPTREND|ASIA|MID_VOL|RANGE|LONDON|HIGH_VOL|RANGE|LONDON|HIGH_VOL|UPTREND|LONDON|MID_VOL|RANGE|LONDON|UNKNOWN|UNKNOWN|NEW_YORK|HIGH_VOL|RANGE,0.12789122733902897,0.6951219512195121
NZDUSD_75_4.73.120_SELL_M15,NZDUSD,,UNKNOWN,560,0,0,ASIA|LONDON,NY_PM,0.6039794048346278,1.0,LOW_VOL|MID_VOL,UNKNOWN,0.48462852263023054,1.0,DOWNTREND|UPTREND,RANGE|UNKNOWN,0.6804948277700757,1.0,ASIA|HIGH_VOL|RANGE|ASIA|LOW_VOL|UPTREND|ASIA|MID_VOL|DOWNTREND|ASIA|MID_VOL|RANGE|ASIA|MID_VOL|UPTREND|LONDON|HIGH_VOL|RANGE|LONDON|LOW_VOL|RANGE|LONDON|MID_VOL|UPTREND,ASIA|HIGH_VOL|UPTREND|ASIA|LOW_VOL|RANGE|LONDON|MID_VOL|RANGE|LONDON|UNKNOWN|UNKNOWN|NEW_YORK|HIGH_VOL|RANGE|NY_PM|HIGH_VOL|RANGE|NY_PM|HIGH_VOL|UPTREND|NY_PM|MID_VOL|UPTREND,0.13537927733907631,0.725
NZDUSD_76_5.71.164_BUY_M15,NZDUSD,,UNKNOWN,546,0,0,ASIA|NEW_YORK,LONDON|NY_PM,0.5305393722984403,1.0,LOW_VOL,UNKNOWN,0.501433157532676,1.0,UPTREND,DOWNTREND|UNKNOWN,0.7817147053423903,1.0,LONDON|HIGH_VOL|DOWNTREND|LONDON|HIGH_VOL|UPTREND|LONDON|MID_VOL|UPTREND|NEW_YORK|HIGH_VOL|RANGE|NEW_YORK|HIGH_VOL|UPTREND,ASIA|HIGH_VOL|DOWNTREND|LONDON|HIGH_VOL|RANGE|LONDON|MID_VOL|DOWNTREND|LONDON|UNKNOWN|UNKNOWN|NEW_YORK|HIGH_VOL|DOWNTREND,0.1860010205817316,0.6463414634146342
US500.cash_28_3.8.114_BUY_M15,US500.cash,,UNKNOWN,547,0,0,LONDON|NY_PM,NEW_YORK,0.5681472081218274,1.0,MID_VOL|UNKNOWN,,0.4510536541623075,1.0,UNKNOWN|UPTREND,RANGE,0.7828506386745921,0.875,ASIA|MID_VOL|UPTREND|ASIA|UNKNOWN|UNKNOWN|LONDON|LOW_VOL|UPTREND|LONDON|UNKNOWN|UNKNOWN|NEW_YORK|HIGH_VOL|UPTREND|NY_PM|HIGH_VOL|UPTREND,ASIA|HIGH_VOL|RANGE|ASIA|LOW_VOL|UPTREND|ASIA|MID_VOL|RANGE|LONDON|HIGH_VOL|RANGE|NEW_YORK|HIGH_VOL|RANGE|NEW_YORK|MID_VOL|UPTREND,0.20283507207135462,0.8035714285714286
US500.cash_29_3.32.156_BUY_M15,US500.cash,,UNKNOWN,644,0,0,ASIA|LONDON,,0.8855355746677092,1.0,HIGH_VOL|LOW_VOL|MID_VOL|UNKNOWN,,0.4514464425332291,1.0,DOWNTREND|RANGE|UNKNOWN|UPTREND,,0.5468334636434714,1.0,ASIA|HIGH_VOL|DOWNTREND|ASIA|HIGH_VOL|UPTREND|ASIA|LOW_VOL|RANGE|ASIA|LOW_VOL|UPTREND|ASIA|MID_VOL|DOWNTREND|ASIA|MID_VOL|RANGE|ASIA|MID_VOL|UPTREND|ASIA|UNKNOWN|UNKNOWN|LONDON|LOW_VOL|UPTREND,ASIA|HIGH_VOL|RANGE|ASIA|LOW_VOL|DOWNTREND,0.2752593434702288,0.7619047619047619
USDCAD_30_2.34.141_BUY_M15,USDCAD,BUY,BUY,635,635,0,ASIA|NEW_YORK|NY_PM,LONDON,0.6638397939965311,1.0,MID_VOL|UNKNOWN,,0.37994020470069617,1.0,UNKNOWN|UPTREND,RANGE,0.7064992920848776,1.0,ASIA|LOW_VOL|RANGE|ASIA|LOW_VOL|UPTREND|ASIA|MID_VOL|DOWNTREND|ASIA|MID_VOL|UPTREND|LONDON|HIGH_VOL|RANGE|LONDON|MID_VOL|DOWNTREND|LONDON|MID_VOL|UPTREND|LONDON|UNKNOWN|UNKNOWN|NEW_YORK|HIGH_VOL|UPTREND|NY_PM|HIGH_VOL|UPTREND,ASIA|LOW_VOL|DOWNTREND|LONDON|HIGH_VOL|UPTREND|LONDON|LOW_VOL|DOWNTREND|LONDON|LOW_VOL|RANGE|LONDON|LOW_VOL|UPTREND|LONDON|MID_VOL|RANGE|NEW_YORK|HIGH_VOL|RANGE|NY_PM|HIGH_VOL|RANGE,0.14293432617056903,0.7380952380952381
USDCAD_31_3.2.189_BUY_M15,USDCAD,BUY,BUY,1719,864,0,NEW_YORK,NY_PM,0.4272554913988557,1.0,MID_VOL,UNKNOWN,0.5917480955846918,1.0,UPTREND,RANGE|UNKNOWN,0.9089483145539354,1.0,ASIA|HIGH_VOL|DOWNTREND|ASIA|HIGH_VOL|UPTREND|ASIA|LOW_VOL|RANGE|ASIA|MID_VOL|DOWNTREND|ASIA|MID_VOL|UPTREND|LONDON|HIGH_VOL|RANGE|LONDON|HIGH_VOL|UPTREND|LONDON|MID_VOL|DOWNTREND|LONDON|UNKNOWN|UNKNOWN|NEW_YORK|HIGH_VOL|UPTREND|NY_PM|HIGH_VOL|DOWNTREND|NY_PM|HIGH_VOL|UPTREND,ASIA|HIGH_VOL|RANGE|ASIA|LOW_VOL|DOWNTREND|ASIA|LOW_VOL|UPTREND|ASIA|MID_VOL|RANGE|ASIA|UNKNOWN|UNKNOWN|LONDON|HIGH_VOL|DOWNTREND|LONDON|LOW_VOL|DOWNTREND|LONDON|LOW_VOL|UPTREND|NEW_YORK|HIGH_VOL|DOWNTREND|NEW_YORK|HIGH_VOL|RANGE|NEW_YORK|UNKNOWN|UNKNOWN|NY_PM|HIGH_VOL|RANGE|NY_PM|UNKNOWN|UNKNOWN,0.17219388221193374,0.8452380952380952
USDCAD_32_4.16.175_BUY_M15,USDCAD,,UNKNOWN,765,0,0,,NY_PM,0.4136846323382087,1.0,HIGH_VOL,LOW_VOL|UNKNOWN,0.7802525366941303,1.0,UPTREND,DOWNTREND|RANGE|UNKNOWN,1.0,1.0,ASIA|HIGH_VOL|RANGE|ASIA|HIGH_VOL|UPTREND|ASIA|LOW_VOL|DOWNTREND|ASIA|LOW_VOL|UPTREND|ASIA|MID_VOL|UPTREND|LONDON|HIGH_VOL|RANGE|LONDON|MID_VOL|DOWNTREND|NEW_YORK|HIGH_VOL|UPTREND,ASIA|HIGH_VOL|DOWNTREND|ASIA|LOW_VOL|RANGE|ASIA|MID_VOL|DOWNTREND|ASIA|UNKNOWN|UNKNOWN|LONDON|HIGH_VOL|DOWNTREND|LONDON|UNKNOWN|UNKNOWN|NEW_YORK|HIGH_VOL|RANGE|NY_PM|HIGH_VOL|RANGE,0.15729850522849267,0.7564102564102564
USDCAD_33_5.11.180_BUY_M15,USDCAD,,UNKNOWN,424,0,0,,NEW_YORK,0.470463769788601,0.8,LOW_VOL,,0.5511163914144885,1.0,DOWNTREND|UPTREND,,0.4674803134143708,1.0,ASIA|HIGH_VOL|UPTREND|ASIA|LOW_VOL|RANGE|ASIA|LOW_VOL|UPTREND|ASIA|MID_VOL|DOWNTREND|ASIA|UNKNOWN|UNKNOWN|LONDON|HIGH_VOL|UPTREND,ASIA|HIGH_VOL|RANGE|ASIA|MID_VOL|RANGE|LONDON|HIGH_VOL|RANGE|LONDON|MID_VOL|RANGE|LONDON|MID_VOL|UPTREND|NEW_YORK|HIGH_VOL|UPTREND,0.19079181728461386,0.7205882352941176
USDCAD_34_1.8.187_BUY_M15,USDCAD,,UNKNOWN,890,0,0,,LONDON,0.9335723270440253,1.0,,UNKNOWN,0.9231995143052286,1.0,UPTREND,RANGE|UNKNOWN,0.9238201495035144,1.0,ASIA|HIGH_VOL|DOWNTREND|ASIA|LOW_VOL|UPTREND|ASIA|MID_VOL|DOWNTREND|ASIA|MID_VOL|RANGE|ASIA|MID_VOL|UPTREND|LONDON|MID_VOL|UPTREND,ASIA|HIGH_VOL|RANGE|ASIA|UNKNOWN|UNKNOWN|LONDON|HIGH_VOL|RANGE|LONDON|HIGH_VOL|UPTREND|LONDON|LOW_VOL|DOWNTREND|LONDON|LOW_VOL|RANGE|LONDON|MID_VOL|DOWNTREND|LONDON|MID_VOL|RANGE|LONDON|UNKNOWN|UNKNOWN,0.18055370246831207,0.796875
USDCAD_51_6.27.122_BUY_M15,USDCAD,,UNKNOWN,1168,0,0,,,0.36058921574616254,0.875,HIGH_VOL|MID_VOL,LOW_VOL|UNKNOWN,0.5405407164427782,1.0,RANGE|UPTREND,DOWNTREND|UNKNOWN,0.5095710929570669,1.0,ASIA|HIGH_VOL|RANGE|ASIA|LOW_VOL|UPTREND|ASIA|MID_VOL|RANGE|ASIA|MID_VOL|UPTREND|LONDON|HIGH_VOL|UPTREND|LONDON|MID_VOL|DOWNTREND|LONDON|MID_VOL|RANGE|LONDON|MID_VOL|UPTREND|NEW_YORK|HIGH_VOL|DOWNTREND|NEW_YORK|HIGH_VOL|UPTREND,ASIA|HIGH_VOL|UPTREND|ASIA|LOW_VOL|DOWNTREND|ASIA|LOW_VOL|RANGE|ASIA|MID_VOL|DOWNTREND|ASIA|UNKNOWN|UNKNOWN|LONDON|HIGH_VOL|DOWNTREND|LONDON|LOW_VOL|DOWNTREND|LONDON|LOW_VOL|UPTREND|NEW_YORK|MID_VOL|UPTREND|NEW_YORK|UNKNOWN|UNKNOWN,0.14737877154059403,0.8243243243243243
USDCAD_77_3.51.113_SELL_M15,USDCAD,,UNKNOWN,580,0,0,ASIA|NY_PM,NEW_YORK,0.454431661297745,1.0,LOW_VOL,HIGH_VOL,0.8677604269618502,1.0,DOWNTREND,RANGE|UPTREND,0.9652657718542734,1.0,ASIA|LOW_VOL|UPTREND|LONDON|LOW_VOL|UPTREND|LONDON|MID_VOL|RANGE|LONDON|UNKNOWN|UNKNOWN|NEW_YORK|HIGH_VOL|DOWNTREND|NY_PM|HIGH_VOL|UPTREND,LONDON|HIGH_VOL|RANGE|LONDON|HIGH_VOL|UPTREND|LONDON|MID_VOL|UPTREND|NEW_YORK|HIGH_VOL|RANGE|NEW_YORK|HIGH_VOL|UPTREND|NEW_YORK|MID_VOL|UPTREND|NEW_YORK|UNKNOWN|UNKNOWN|NY_PM|HIGH_VOL|RANGE,0.18635082450871926,0.7368421052631579
USDCHF_35_3.1.133_SELL_M15,USDCHF,,UNKNOWN,340,0,0,,,0.625952204762112,0.8333333333333333,MID_VOL,UNKNOWN,0.46993910543723527,1.0,DOWNTREND,RANGE|UNKNOWN,0.9209257088040929,0.875,ASIA|MID_VOL|DOWNTREND|LONDON|HIGH_VOL|DOWNTREND|LONDON|LOW_VOL|DOWNTREND|LONDON|MID_VOL|DOWNTREND,ASIA|LOW_VOL|RANGE|ASIA|UNKNOWN|UNKNOWN|LONDON|HIGH_VOL|RANGE|LONDON|LOW_VOL|RANGE|LONDON|MID_VOL|RANGE|LONDON|UNKNOWN|UNKNOWN,0.2587701588960407,0.7391304347826086
USDCHF_36_4.5.112_SELL_M15,USDCHF,,UNKNOWN,706,0,0,,,0.8690646560010251,1.0,,LOW_VOL|UNKNOWN,0.6462329755687931,1.0,DOWNTREND|UPTREND,RANGE|UNKNOWN,0.5402431845401214,1.0,ASIA|HIGH_VOL|DOWNTREND|ASIA|LOW_VOL|DOWNTREND|ASIA|LOW_VOL|UPTREND|ASIA|MID_VOL|UPTREND|LONDON|HIGH_VOL|UPTREND|LONDON|LOW_VOL|RANGE|LONDON|MID_VOL|DOWNTREND,ASIA|HIGH_VOL|RANGE|ASIA|LOW_VOL|RANGE|ASIA|MID_VOL|DOWNTREND|ASIA|UNKNOWN|UNKNOWN|LONDON|HIGH_VOL|RANGE|LONDON|MID_VOL|UPTREND,0.2105455182277225,0.9285714285714286
USDCHF_52_3.17.186_BOTH_M15,USDCHF,,UNKNOWN,562,0,0,ASIA|LONDON|NEW_YORK,NY_PM,0.7124223402197046,1.0,HIGH_VOL|LOW_VOL|MID_VOL,UNKNOWN,0.41403410826582954,1.0,DOWNTREND|RANGE,UNKNOWN,0.5199193115144366,1.0,ASIA|LOW_VOL|UPTREND|ASIA|MID_VOL|DOWNTREND|LONDON|MID_VOL|RANGE|NEW_YORK|HIGH_VOL|UPTREND,ASIA|UNKNOWN|UNKNOWN|LONDON|HIGH_VOL|RANGE|LONDON|HIGH_VOL|UPTREND|LONDON|MID_VOL|UPTREND,0.15333223765305284,0.6857142857142857
USDCHF_53_6.47.153_BOTH_M15,USDCHF,,UNKNOWN,537,0,0,NEW_YORK,NY_PM,0.573575159946,1.0,HIGH_VOL|MID_VOL,LOW_VOL|UNKNOWN,0.6309315695051844,1.0,DOWNTREND|UPTREND,UNKNOWN,0.6281115313571994,1.0,ASIA|LOW_VOL|DOWNTREND|ASIA|LOW_VOL|UPTREND|ASIA|MID_VOL|RANGE|LONDON|HIGH_VOL|RANGE|LONDON|MID_VOL|RANGE|LONDON|MID_VOL|UPTREND|NEW_YORK|HIGH_VOL|RANGE|NEW_YORK|HIGH_VOL|UPTREND|NEW_YORK|MID_VOL|RANGE,ASIA|LOW_VOL|RANGE|ASIA|UNKNOWN|UNKNOWN|LONDON|LOW_VOL|RANGE|NEW_YORK|UNKNOWN|UNKNOWN,0.18474401774426763,0.7352941176470589
USDCHF_55_6.23.134_BUY_M15,USDCHF,BUY,BUY,537,537,0,NEW_YORK,NY_PM,0.6097968443848613,1.0,MID_VOL,UNKNOWN,0.4917309153624822,1.0,RANGE|UPTREND,DOWNTREND|UNKNOWN,0.7114071038251366,1.0,ASIA|LOW_VOL|UPTREND|ASIA|MID_VOL|UPTREND|LONDON|HIGH_VOL|RANGE|LONDON|MID_VOL|RANGE|NEW_YORK|HIGH_VOL|RANGE|NEW_YORK|HIGH_VOL|UPTREND|NEW_YORK|MID_VOL|RANGE|NEW_YORK|MID_VOL|UPTREND,ASIA|HIGH_VOL|RANGE|ASIA|LOW_VOL|RANGE|ASIA|MID_VOL|RANGE|LONDON|UNKNOWN|UNKNOWN|NY_PM|HIGH_VOL|RANGE,0.1499183025771181,0.6923076923076923
USDJPY_37_0.18430_BUY_M15,USDJPY,,UNKNOWN,1138,0,0,LONDON|NEW_YORK,,0.6383343620169355,1.0,HIGH_VOL|LOW_VOL,UNKNOWN,0.640439062718837,1.0,RANGE|UPTREND,DOWNTREND|UNKNOWN,0.5110842558235188,1.0,LONDON|HIGH_VOL|RANGE|LONDON|HIGH_VOL|UPTREND|LONDON|LOW_VOL|RANGE|LONDON|MID_VOL|UPTREND|NEW_YORK|HIGH_VOL|UPTREND|NEW_YORK|MID_VOL|UPTREND|NY_PM|HIGH_VOL|RANGE|NY_PM|HIGH_VOL|UPTREND|NY_PM|UNKNOWN|UNKNOWN,LONDON|HIGH_VOL|DOWNTREND|LONDON|LOW_VOL|UPTREND|LONDON|MID_VOL|DOWNTREND|LONDON|UNKNOWN|UNKNOWN|NEW_YORK|UNKNOWN|UNKNOWN|NY_PM|HIGH_VOL|DOWNTREND|NY_PM|LOW_VOL|UPTREND,0.16252813459133797,0.8333333333333333
USDJPY_38_1.35.168_BUY_M15,USDJPY,,UNKNOWN,363,0,0,ASIA|LONDON|NEW_YORK|NY_PM,OFF_HOURS,0.3566383504323057,1.0,HIGH_VOL|LOW_VOL|MID_VOL,UNKNOWN,0.6254127774679034,1.0,UPTREND,RANGE|UNKNOWN,1.0,1.0,ASIA|HIGH_VOL|UPTREND|ASIA|MID_VOL|UPTREND|LONDON|HIGH_VOL|UPTREND|LONDON|MID_VOL|UPTREND|NEW_YORK|HIGH_VOL|UPTREND|NY_PM|HIGH_VOL|UPTREND,ASIA|HIGH_VOL|RANGE|ASIA|UNKNOWN|UNKNOWN,0.15960062066703282,0.625
USDJPY_39_6.27.190_BUY_M15,USDJPY,BUY,BUY,1727,1727,0,ASIA|LONDON,NY_PM,0.739573284245986,1.0,HIGH_VOL|LOW_VOL|UNKNOWN,,0.4361354219010923,1.0,RANGE|UNKNOWN|UPTREND,,0.6070159421244319,1.0,ASIA|HIGH_VOL|RANGE|ASIA|HIGH_VOL|UPTREND|ASIA|LOW_VOL|DOWNTREND|ASIA|LOW_VOL|UPTREND|ASIA|MID_VOL|RANGE|ASIA|UNKNOWN|UNKNOWN|LONDON|HIGH_VOL|RANGE|LONDON|HIGH_VOL|UPTREND|LONDON|LOW_VOL|RANGE|LONDON|LOW_VOL|UPTREND|LONDON|MID_VOL|UPTREND|NEW_YORK|HIGH_VOL|UPTREND|NY_PM|HIGH_VOL|DOWNTREND,ASIA|HIGH_VOL|DOWNTREND|ASIA|MID_VOL|DOWNTREND|LONDON|HIGH_VOL|DOWNTREND|LONDON|MID_VOL|RANGE|NEW_YORK|HIGH_VOL|RANGE|NEW_YORK|LOW_VOL|RANGE|NEW_YORK|MID_VOL|RANGE|NY_PM|HIGH_VOL|RANGE|NY_PM|LOW_VOL|UPTREND|NY_PM|MID_VOL|UPTREND,0.1870578792103727,0.8536585365853658
USDJPY_40_2.4.138_BUY_M15,USDJPY,BUY,BUY,585,585,0,ASIA,,0.8489106461994634,1.0,HIGH_VOL|LOW_VOL,,0.50308072263955,1.0,RANGE|UPTREND,DOWNTREND,0.5878137466021817,1.0,ASIA|HIGH_VOL|RANGE|ASIA|HIGH_VOL|UPTREND|ASIA|LOW_VOL|RANGE|ASIA|LOW_VOL|UPTREND|ASIA|MID_VOL|UPTREND|ASIA|UNKNOWN|UNKNOWN|LONDON|HIGH_VOL|RANGE|LONDON|LOW_VOL|UPTREND|LONDON|MID_VOL|UPTREND,ASIA|MID_VOL|RANGE|LONDON|HIGH_VOL|UPTREND|LONDON|UNKNOWN|UNKNOWN,0.20872383455720508,0.8095238095238095
USDJPY_41_2.5.172_BUY_M15,USDJPY,,UNKNOWN,748,0,0,ASIA|LONDON,NEW_YORK|NY_PM,0.7264844959382375,1.0,HIGH_VOL|LOW_VOL|MID_VOL,,0.38174014539505735,1.0,RANGE|UPTREND,,0.7436929609308224,1.0,ASIA|HIGH_VOL|RANGE|ASIA|HIGH_VOL|UPTREND|ASIA|LOW_VOL|UPTREND|ASIA|MID_VOL|UPTREND|LONDON|HIGH_VOL|RANGE|LONDON|LOW_VOL|UPTREND|LONDON|UNKNOWN|UNKNOWN,ASIA|UNKNOWN|UNKNOWN|LONDON|MID_VOL|UPTREND|NEW_YORK|HIGH_VOL|RANGE|NY_PM|HIGH_VOL|RANGE,0.21195364448773876,0.7678571428571428
USDJPY_57_4.8.181_BUY_M15,USDJPY,,UNKNOWN,953,0,0,ASIA|NY_PM,NEW_YORK,0.7994815218817097,1.0,LOW_VOL,MID_VOL,0.8106757047408262,1.0,RANGE|UPTREND,DOWNTREND|UNKNOWN,0.5703362497496585,1.0,ASIA|HIGH_VOL|UPTREND|ASIA|LOW_VOL|DOWNTREND|ASIA|LOW_VOL|RANGE|ASIA|LOW_VOL|UPTREND|LONDON|HIGH_VOL|UPTREND|LONDON|LOW_VOL|RANGE|LONDON|MID_VOL|RANGE|LONDON|MID_VOL|UPTREND,ASIA|HIGH_VOL|DOWNTREND|ASIA|HIGH_VOL|RANGE|ASIA|MID_VOL|DOWNTREND|ASIA|MID_VOL|UPTREND|LONDON|HIGH_VOL|DOWNTREND|LONDON|HIGH_VOL|RANGE|LONDON|LOW_VOL|UPTREND|LONDON|MID_VOL|DOWNTREND|LONDON|UNKNOWN|UNKNOWN|NEW_YORK|HIGH_VOL|UPTREND,0.2917860794398315,0.75
USOIL.cash_42_1.25.121_BUY_M15,USOIL.cash,,UNKNOWN,837,0,0,ASIA|NY_PM,NEW_YORK,0.8276756382917411,1.0,LOW_VOL|UNKNOWN,HIGH_VOL,0.5753486667672609,1.0,UNKNOWN|UPTREND,,0.47606900428034077,1.0,ASIA|HIGH_VOL|RANGE|ASIA|LOW_VOL|UPTREND|ASIA|MID_VOL|RANGE|ASIA|UNKNOWN|UNKNOWN|LONDON|LOW_VOL|DOWNTREND|LONDON|MID_VOL|RANGE|LONDON|MID_VOL|UPTREND|NY_PM|HIGH_VOL|UPTREND,ASIA|HIGH_VOL|UPTREND|ASIA|MID_VOL|DOWNTREND|ASIA|MID_VOL|UPTREND|LONDON|HIGH_VOL|RANGE|LONDON|LOW_VOL|RANGE|LONDON|MID_VOL|DOWNTREND|NY_PM|HIGH_VOL|RANGE,0.23187035587136043,0.7702702702702703
USOIL.cash_43_5.11.112_BUY_M15,USOIL.cash,,UNKNOWN,547,0,0,ASIA,LONDON,0.9909326898468065,1.0,UNKNOWN,HIGH_VOL,0.45310218294829074,1.0,UNKNOWN,,0.48201141344801923,1.0,ASIA|LOW_VOL|RANGE|ASIA|UNKNOWN|UNKNOWN|LONDON|HIGH_VOL|UPTREND,ASIA|MID_VOL|UPTREND|LONDON|HIGH_VOL|DOWNTREND|LONDON|LOW_VOL|RANGE|LONDON|MID_VOL|DOWNTREND|NEW_YORK|HIGH_VOL|RANGE,0.18041624605339457,0.7666666666666666
USOIL.cash_44_6.17.127_BUY_M15,USOIL.cash,,UNKNOWN,689,0,0,ASIA|LONDON|NY_PM,NEW_YORK,0.5547616740941678,1.0,LOW_VOL|MID_VOL|UNKNOWN,HIGH_VOL,0.44487315948199396,1.0,RANGE|UNKNOWN|UPTREND,DOWNTREND,0.42499639925104415,1.0,ASIA|HIGH_VOL|RANGE|ASIA|LOW_VOL|RANGE|ASIA|MID_VOL|RANGE|ASIA|MID_VOL|UPTREND|ASIA|UNKNOWN|UNKNOWN|LONDON|MID_VOL|RANGE|LONDON|MID_VOL|UPTREND|LONDON|UNKNOWN|UNKNOWN,ASIA|HIGH_VOL|DOWNTREND|ASIA|LOW_VOL|UPTREND|ASIA|MID_VOL|DOWNTREND|LONDON|HIGH_VOL|RANGE|LONDON|HIGH_VOL|UPTREND|LONDON|MID_VOL|DOWNTREND|NEW_YORK|HIGH_VOL|RANGE,0.1481596040828951,0.7727272727272727
USOIL.cash_54_4.18.190_BOTH_M15,USOIL.cash,,UNKNOWN,689,0,0,ASIA|LONDON|NY_PM,NEW_YORK,0.5547616740941678,1.0,LOW_VOL|MID_VOL|UNKNOWN,HIGH_VOL,0.44487315948199396,1.0,RANGE|UNKNOWN|UPTREND,DOWNTREND,0.42499639925104415,1.0,ASIA|HIGH_VOL|RANGE|ASIA|LOW_VOL|RANGE|ASIA|MID_VOL|RANGE|ASIA|MID_VOL|UPTREND|ASIA|UNKNOWN|UNKNOWN|LONDON|MID_VOL|RANGE|LONDON|MID_VOL|UPTREND|LONDON|UNKNOWN|UNKNOWN,ASIA|HIGH_VOL|DOWNTREND|ASIA|LOW_VOL|UPTREND|ASIA|MID_VOL|DOWNTREND|LONDON|HIGH_VOL|RANGE|LONDON|HIGH_VOL|UPTREND|LONDON|MID_VOL|DOWNTREND|NEW_YORK|HIGH_VOL|RANGE,0.1481596040828951,0.7727272727272727
XAUUSD_45_2.13.130_BUY_M15,XAUUSD,,UNKNOWN,1570,0,0,ASIA|LONDON|NEW_YORK,NY_PM,0.6733579189896172,1.0,HIGH_VOL|MID_VOL|UNKNOWN,,0.44100934710849693,1.0,DOWNTREND|RANGE|UNKNOWN|UPTREND,,0.3846284685959606,1.0,ASIA|HIGH_VOL|DOWNTREND|ASIA|HIGH_VOL|RANGE|ASIA|HIGH_VOL|UPTREND|ASIA|LOW_VOL|DOWNTREND|ASIA|LOW_VOL|RANGE|ASIA|MID_VOL|RANGE|ASIA|MID_VOL|UPTREND|ASIA|UNKNOWN|UNKNOWN|LONDON|HIGH_VOL|DOWNTREND|LONDON|HIGH_VOL|RANGE|LONDON|LOW_VOL|RANGE|LONDON|MID_VOL|DOWNTREND|LONDON|MID_VOL|UPTREND|LONDON|UNKNOWN|UNKNOWN|NEW_YORK|HIGH_VOL|DOWNTREND|NEW_YORK|HIGH_VOL|RANGE|NEW_YORK|HIGH_VOL|UPTREND|NEW_YORK|UNKNOWN|UNKNOWN,ASIA|MID_VOL|DOWNTREND|LONDON|LOW_VOL|UPTREND|NY_PM|HIGH_VOL|UPTREND,0.1897056812899345,0.8125
XAUUSD_58_5.6.136_BUY_M15,XAUUSD,,UNKNOWN,1190,0,0,LONDON,,0.8392747055668087,0.75,HIGH_VOL|MID_VOL|UNKNOWN,,0.3519587513310542,1.0,DOWNTREND|UNKNOWN|UPTREND,,0.3802391494063298,1.0,ASIA|HIGH_VOL|DOWNTREND|ASIA|HIGH_VOL|RANGE|ASIA|HIGH_VOL|UPTREND|ASIA|LOW_VOL|DOWNTREND|ASIA|MID_VOL|DOWNTREND|ASIA|MID_VOL|RANGE|ASIA|MID_VOL|UPTREND|ASIA|UNKNOWN|UNKNOWN,ASIA|LOW_VOL|RANGE,0.16812719170075982,0.6666666666666666
